"Site.Code","SiteID","PlotID","TreeID","Position","Blank.Num","SampleID","Quality","Off.Curved","Curved.Rings","Center.Knots","End.Knots","Pith","Distorted.Grain","Blue.Stain","Pinholes","Bowed","End.Cracks","Decay","Extractives","Trapezoid","Pitch.Pocket","Compression.Wood","Middle.Narrow","Ends.Narrow","Release"
30,"TW","1","1-44",1,1,"TW-1-44-1",3,1,NA,1,NA,NA,NA,NA,NA,1,NA,NA,NA,NA,NA,NA,NA,NA,NA
30,"TW","1","1-44",1,2,"TW-1-44-2",2,1,NA,NA,NA,NA,NA,1,NA,NA,NA,NA,NA,NA,NA,NA,NA,NA,NA
30,"TW","1","1-44",1,3,"TW-1-44-3",1,NA,NA,NA,NA,NA,NA,NA,NA,NA,NA,NA,NA,NA,NA,NA,NA,NA,NA
30,"TW","1","1-146",1,1,"TW-1-146-1",2,1,NA,NA,NA,NA,1,NA,NA,NA,NA,NA,NA,NA,NA,NA,NA,NA,NA
30,"TW","1","1-146",1,2,"TW-1-146-2",1,NA,NA,NA,NA,NA,1,NA,NA,NA,NA,NA,NA,NA,NA,NA,NA,NA,NA
30,"TW","1","1-146",1,3,"TW-1-146-3",1,NA,NA,NA,NA,NA,NA,NA,NA,NA,NA,NA,NA,NA,NA,NA,NA,NA,NA
30,"TW","1","1-146",1,4,"TW-1-146-4",1,NA,NA,NA,NA,NA,NA,NA,NA,NA,NA,NA,NA,NA,NA,NA,NA,NA,NA
30,"TW","1","1-188",1,1,"TW-1-188-1",2,NA,1,NA,NA,1,NA,NA,NA,1,NA,NA,NA,NA,NA,NA,NA,NA,NA
30,"TW","1","1-188",1,2,"TW-1-188-2",2,NA,NA,NA,1,NA,1,1,NA,NA,NA,NA,NA,NA,NA,NA,NA,NA,NA
30,"TW","1","1-188",1,3,"TW-1-188-3",1,NA,NA,NA,NA,NA,NA,1,NA,NA,NA,NA,NA,NA,NA,NA,NA,NA,NA
30,"TW","1","1-188",1,4,"TW-1-188-4",2,NA,NA,NA,NA,NA,NA,1,NA,NA,NA,1,NA,NA,NA,NA,NA,NA,NA
30,"TW","2","2-119",1,1,"TW-2-119-1",4,NA,NA,1,1,NA,NA,NA,NA,NA,NA,NA,NA,NA,NA,NA,1,NA,NA
30,"TW","2","2-119",1,2,"TW-2-119-2",1,NA,NA,NA,NA,NA,NA,1,NA,NA,NA,NA,NA,NA,NA,NA,NA,NA,NA
30,"TW","2","2-119",1,3,"TW-2-119-3",3,NA,NA,NA,NA,NA,NA,1,NA,NA,NA,NA,NA,NA,1,NA,NA,NA,NA
30,"TW","2","2-119",1,4,"TW-2-119-4",1,NA,NA,NA,NA,NA,NA,1,NA,NA,NA,NA,NA,NA,NA,NA,NA,NA,NA
30,"TW","2","2-211",1,1,"TW-2-211-1",2,NA,NA,NA,NA,NA,NA,NA,NA,1,NA,NA,NA,NA,NA,NA,NA,NA,NA
30,"TW","2","2-211",1,2,"TW-2-211-2",1,NA,NA,NA,NA,NA,NA,NA,NA,NA,NA,NA,NA,NA,NA,NA,NA,NA,NA
30,"TW","2","2-211",1,3,"TW-2-211-3",1,NA,NA,NA,NA,NA,NA,1,NA,NA,NA,NA,NA,NA,NA,NA,NA,NA,NA
30,"TW","2","2-316",1,1,"TW-2-316-1",3,NA,NA,NA,NA,NA,NA,NA,NA,1,NA,NA,NA,1,NA,NA,NA,NA,NA
30,"TW","2","2-316",1,2,"TW-2-316-2",3,NA,NA,1,1,NA,NA,NA,NA,1,NA,NA,NA,NA,NA,NA,NA,NA,NA
30,"TW","2","2-316",1,3,"TW-2-316-3",1,NA,NA,NA,NA,NA,NA,NA,NA,NA,NA,NA,NA,NA,NA,NA,NA,NA,NA
30,"TW","3","3-152",1,1,"TW-3-152-1",2,1,NA,NA,NA,NA,1,NA,NA,NA,NA,NA,NA,NA,NA,NA,NA,NA,NA
30,"TW","3","3-152",1,2,"TW-3-152-2",1,NA,NA,NA,NA,NA,NA,1,NA,NA,NA,NA,NA,NA,NA,NA,NA,NA,1
30,"TW","3","3-152",1,3,"TW-3-152-3",2,NA,NA,NA,NA,NA,NA,1,1,NA,NA,NA,NA,NA,NA,NA,NA,NA,NA
30,"TW","3","3-152",1,4,"TW-3-152-4",2,NA,NA,NA,NA,NA,NA,1,1,NA,NA,NA,NA,NA,NA,NA,NA,NA,NA
30,"TW","3","3-152",1,5,"TW-3-152-5",2,NA,NA,NA,NA,NA,NA,1,1,NA,NA,NA,NA,NA,NA,NA,NA,NA,NA
30,"TW","3","3-192",1,1,"TW-3-192-1",2,NA,1,NA,1,NA,NA,NA,NA,1,NA,NA,1,NA,NA,NA,NA,NA,NA
30,"TW","3","3-192",1,2,"TW-3-192-2",2,NA,NA,NA,NA,NA,NA,NA,NA,1,NA,NA,NA,NA,NA,NA,NA,NA,NA
30,"TW","3","3-192",1,3,"TW-3-192-3",1,NA,NA,NA,NA,NA,NA,NA,NA,NA,NA,NA,NA,NA,NA,NA,NA,NA,NA
30,"TW","3","3-192",1,4,"TW-3-192-4",1,NA,NA,NA,NA,NA,NA,NA,NA,NA,NA,NA,NA,NA,NA,NA,NA,NA,NA
30,"TW","3","3-216",1,1,"TW-3-216-1",3,NA,NA,NA,NA,NA,1,NA,NA,1,NA,NA,1,NA,NA,NA,NA,NA,NA
30,"TW","3","3-216",1,2,"TW-3-216-2",1,NA,NA,NA,NA,NA,NA,NA,NA,NA,NA,NA,1,NA,NA,NA,NA,NA,NA
30,"TW","3","3-216",1,3,"TW-3-216-3",1,NA,NA,NA,NA,NA,NA,NA,NA,NA,NA,NA,NA,NA,NA,NA,NA,NA,NA
30,"TW","3","3-216",1,4,"TW-3-216-4",1,NA,NA,NA,NA,NA,NA,NA,NA,NA,NA,NA,NA,NA,NA,NA,NA,NA,NA
30,"TW","4","4-327",1,1,"TW-4-327-1",2,NA,NA,NA,NA,NA,NA,NA,NA,1,NA,NA,NA,NA,NA,NA,NA,NA,NA
30,"TW","4","4-327",1,2,"TW-4-327-2",2,NA,NA,NA,NA,NA,NA,NA,NA,1,NA,NA,NA,NA,NA,NA,NA,NA,NA
30,"TW","4","4-434",1,1,"TW-4-434-1",3,NA,NA,1,NA,NA,NA,NA,NA,1,NA,NA,NA,NA,NA,NA,NA,NA,NA
30,"TW","4","4-434",1,2,"TW-4-434-2",1,NA,NA,NA,NA,NA,NA,NA,NA,NA,NA,NA,NA,NA,NA,NA,NA,NA,NA
30,"TW","4","4-472",1,1,"TW-4-472-1",4,NA,NA,1,1,1,1,NA,NA,1,NA,NA,NA,NA,NA,NA,NA,NA,NA
30,"TW","4","4-472",1,2,"TW-4-472-2",2,NA,NA,NA,NA,NA,1,NA,NA,NA,NA,NA,NA,NA,NA,NA,NA,NA,NA
30,"TW","5","5-235",1,1,"TW-5-235-1",2,1,NA,NA,1,NA,NA,NA,NA,NA,NA,NA,NA,NA,NA,NA,NA,NA,NA
30,"TW","5","5-235",1,2,"TW-5-235-2",1,NA,NA,NA,NA,NA,NA,NA,NA,NA,NA,NA,NA,NA,NA,NA,NA,NA,NA
30,"TW","5","5-366",1,1,"TW-5-366-1",3,NA,NA,1,NA,NA,NA,NA,NA,1,NA,NA,NA,NA,NA,NA,NA,NA,NA
30,"TW","5","5-366",1,2,"TW-5-366-2",2,NA,NA,NA,NA,NA,NA,NA,NA,1,NA,NA,NA,NA,NA,NA,NA,NA,NA
30,"TW","5","5-366",1,3,"TW-5-366-3",1,NA,NA,NA,NA,NA,NA,NA,NA,NA,NA,NA,NA,NA,NA,NA,NA,NA,NA
30,"TW","5","5-403",1,1,"TW-5-403-1",2,1,NA,NA,1,NA,NA,1,NA,NA,NA,NA,NA,NA,NA,NA,NA,NA,NA
30,"TW","5","5-403",1,2,"TW-5-403-2",1,NA,NA,NA,NA,NA,NA,1,NA,NA,NA,NA,NA,NA,NA,NA,NA,NA,NA
30,"TW","5","5-403",1,3,"TW-5-403-3",1,NA,NA,NA,NA,NA,NA,1,NA,NA,NA,NA,NA,NA,NA,NA,NA,NA,NA
30,"TW","6","6-149",1,1,"TW-6-149-1",2,1,NA,NA,1,NA,1,NA,NA,NA,NA,NA,NA,NA,NA,NA,NA,NA,NA
30,"TW","6","6-149",1,2,"TW-6-149-2",1,NA,NA,NA,NA,NA,NA,NA,NA,NA,NA,NA,NA,NA,NA,NA,NA,NA,NA
30,"TW","6","6-149",1,3,"TW-6-149-3",1,NA,NA,NA,NA,NA,NA,NA,NA,NA,NA,NA,NA,NA,NA,NA,NA,NA,NA
30,"TW","6","6-237",1,1,"TW-6-237-1",3,NA,NA,1,NA,1,1,NA,NA,NA,NA,NA,NA,NA,NA,NA,NA,1,NA
30,"TW","6","6-237",1,2,"TW-6-237-2",2,NA,NA,NA,NA,NA,NA,1,NA,NA,1,NA,NA,NA,NA,NA,NA,NA,NA
30,"TW","6","6-237",1,3,"TW-6-237-3",1,NA,NA,NA,NA,NA,NA,1,NA,NA,NA,NA,NA,NA,NA,NA,NA,NA,NA
30,"TW","6","6-260",1,1,"TW-6-260-1",5,NA,NA,NA,NA,NA,NA,NA,NA,1,NA,NA,NA,NA,NA,NA,NA,NA,NA
30,"TW","6","6-260",1,2,"TW-6-260-2",3,NA,NA,1,NA,NA,NA,NA,NA,1,NA,NA,NA,NA,NA,NA,NA,NA,NA
30,"TW","6","6-260",1,3,"TW-6-260-3",1,NA,NA,NA,NA,NA,NA,NA,NA,NA,NA,NA,NA,NA,NA,NA,NA,NA,NA
30,"TW","6","6-278",1,1,"TW-6-278-1",2,1,NA,NA,NA,NA,NA,NA,NA,1,NA,NA,NA,NA,NA,NA,NA,NA,NA
30,"TW","6","6-278",1,2,"TW-6-278-2",1,NA,NA,NA,NA,NA,1,NA,NA,NA,NA,NA,NA,NA,NA,NA,NA,NA,NA
30,"TW","6","6-278",1,3,"TW-6-278-3",1,NA,NA,NA,NA,NA,NA,NA,NA,NA,NA,NA,NA,NA,NA,NA,NA,NA,NA
30,"TW","6","6-278",1,4,"TW-6-278-4",2,NA,NA,NA,NA,NA,NA,NA,NA,NA,NA,NA,NA,NA,NA,NA,NA,NA,NA
30,"TW","7","7-22",1,1,"TW-7-22-1",3,NA,NA,1,1,NA,NA,NA,NA,NA,1,NA,1,NA,NA,NA,NA,NA,NA
30,"TW","7","7-22",1,2,"TW-7-22-2",3,1,NA,NA,1,NA,NA,NA,NA,NA,NA,NA,NA,NA,NA,NA,NA,NA,NA
30,"TW","7","7-22",1,3,"TW-7-22-3",1,NA,NA,NA,1,NA,NA,NA,NA,NA,NA,NA,NA,NA,NA,NA,NA,NA,NA
30,"TW","7","7-22",1,4,"TW-7-22-4",5,NA,NA,NA,NA,NA,NA,NA,NA,NA,NA,NA,NA,NA,1,NA,NA,NA,NA
30,"TW","7","7-22",1,5,"TW-7-22-5",1,NA,NA,NA,NA,NA,NA,1,NA,NA,NA,NA,NA,NA,NA,NA,NA,NA,NA
30,"TW","7","7-93",1,1,"TW-7-93-1",3,NA,NA,1,NA,NA,1,NA,NA,1,NA,NA,NA,NA,NA,NA,NA,NA,NA
30,"TW","7","7-93",1,2,"TW-7-93-2",2,NA,NA,NA,NA,NA,1,NA,NA,NA,NA,NA,NA,NA,NA,NA,NA,NA,NA
30,"TW","7","7-93",1,3,"TW-7-93-3",1,NA,NA,NA,NA,NA,NA,NA,NA,NA,NA,NA,NA,NA,NA,NA,NA,NA,NA
30,"TW","7","7-93",1,4,"TW-7-93-4",1,NA,NA,NA,NA,NA,NA,1,NA,NA,NA,NA,NA,NA,NA,NA,NA,NA,NA
30,"TW","7","7-93",1,5,"TW-7-93-5",1,NA,NA,NA,NA,NA,NA,1,NA,NA,NA,NA,NA,NA,NA,NA,NA,NA,NA
30,"TW","7","7-98",1,1,"TW-7-98-1",4,1,NA,1,NA,NA,NA,NA,NA,1,NA,NA,NA,NA,NA,NA,NA,NA,NA
30,"TW","7","7-98",1,2,"TW-7-98-2",1,NA,NA,NA,NA,NA,NA,1,NA,NA,NA,NA,NA,NA,NA,NA,NA,NA,NA
30,"TW","7","7-98",1,3,"TW-7-98-3",1,NA,NA,NA,NA,NA,NA,NA,NA,NA,NA,NA,NA,NA,NA,NA,NA,NA,NA
30,"TW","7","7-98",1,4,"TW-7-98-4",1,NA,NA,NA,NA,NA,NA,1,NA,NA,NA,NA,NA,NA,NA,NA,NA,NA,NA
30,"TW","7","7-98",1,5,"TW-7-98-5",1,NA,NA,NA,NA,NA,NA,1,NA,NA,NA,NA,NA,NA,NA,NA,NA,NA,NA
30,"TW","8","8-439",1,1,"TW-8-439-1",2,NA,1,NA,1,NA,NA,NA,NA,1,NA,NA,NA,NA,NA,NA,NA,NA,NA
30,"TW","8","8-439",1,2,"TW-8-439-2",1,NA,NA,NA,NA,NA,NA,NA,NA,NA,NA,NA,NA,NA,NA,NA,NA,NA,NA
30,"TW","8","8-576",1,1,"TW-8-576-1",2,1,NA,NA,NA,NA,1,1,NA,NA,NA,NA,NA,NA,NA,NA,NA,NA,NA
30,"TW","8","8-576",1,2,"TW-8-576-2",1,NA,NA,NA,NA,NA,NA,1,NA,NA,NA,NA,NA,NA,NA,NA,NA,NA,NA
30,"TW","8","8-657",1,1,"TW-8-657-1",2,NA,NA,1,NA,NA,NA,NA,NA,NA,NA,NA,NA,NA,NA,NA,NA,NA,NA
30,"TW","8","8-657",1,2,"TW-8-657-2",1,NA,NA,NA,NA,NA,NA,NA,NA,NA,NA,NA,NA,NA,NA,NA,NA,NA,NA
30,"TW","9","9-228",1,1,"TW-9-228-1",2,1,NA,1,NA,NA,NA,NA,NA,NA,NA,NA,1,NA,NA,NA,NA,NA,NA
30,"TW","9","9-228",1,2,"TW-9-228-2",1,1,NA,NA,NA,NA,NA,NA,NA,NA,NA,NA,NA,NA,NA,NA,NA,NA,NA
30,"TW","9","9-228",1,3,"TW-9-228-3",1,NA,NA,NA,NA,NA,NA,NA,NA,NA,NA,NA,NA,NA,NA,NA,NA,NA,NA
30,"TW","9","9-317",1,1,"TW-9-317-1",2,1,NA,NA,NA,NA,NA,NA,NA,1,NA,NA,NA,NA,NA,NA,NA,NA,NA
30,"TW","9","9-317",1,2,"TW-9-317-2",1,NA,NA,NA,NA,NA,NA,NA,NA,NA,NA,NA,NA,NA,NA,NA,NA,NA,NA
30,"TW","9","9-317",1,3,"TW-9-317-3",1,NA,NA,NA,NA,NA,NA,NA,NA,NA,NA,NA,NA,NA,1,NA,NA,NA,NA
30,"TW","10","10-187",1,1,"TW-10-187-1",2,1,NA,NA,1,NA,1,NA,NA,NA,NA,NA,NA,NA,NA,NA,NA,NA,NA
30,"TW","10","10-187",1,2,"TW-10-187-2",1,NA,NA,NA,NA,NA,NA,NA,NA,NA,NA,NA,NA,NA,NA,NA,NA,NA,NA
30,"TW","10","10-367",1,1,"TW-10-367-1",2,1,NA,NA,1,NA,NA,1,NA,NA,NA,NA,NA,NA,NA,NA,NA,NA,NA
30,"TW","10","10-367",1,2,"TW-10-367-2",1,NA,NA,NA,NA,NA,NA,NA,NA,NA,NA,NA,NA,NA,NA,NA,NA,NA,NA
30,"TW","10","10-391",1,1,"TW-10-391-1",3,NA,NA,1,NA,NA,NA,NA,NA,1,NA,NA,NA,NA,NA,NA,NA,NA,NA
30,"TW","10","10-391",1,2,"TW-10-391-2",1,NA,NA,NA,NA,NA,NA,NA,NA,NA,NA,NA,NA,NA,NA,NA,NA,NA,NA
30,"TW","11","11-60",1,1,"TW-11-60-1",4,1,NA,1,NA,NA,NA,NA,NA,1,NA,NA,NA,NA,NA,NA,NA,NA,NA
30,"TW","11","11-60",1,2,"TW-11-60-2",2,NA,NA,NA,1,NA,1,NA,NA,NA,NA,NA,NA,NA,NA,NA,NA,NA,NA
30,"TW","11","11-60",1,3,"TW-11-60-3",1,NA,NA,NA,NA,NA,NA,NA,NA,NA,NA,NA,NA,NA,NA,NA,NA,NA,NA
30,"TW","11","11-60",1,4,"TW-11-60-4",2,NA,NA,NA,NA,NA,NA,NA,NA,NA,NA,NA,NA,NA,1,NA,NA,NA,NA
30,"TW","11","11-73",1,1,"TW-11-73-1",3,NA,NA,NA,1,NA,NA,NA,NA,1,NA,NA,NA,NA,NA,NA,NA,NA,NA
30,"TW","11","11-73",1,2,"TW-11-73-2",1,NA,NA,NA,NA,NA,NA,NA,NA,NA,NA,NA,NA,NA,NA,NA,NA,NA,NA
30,"TW","11","11-185",1,1,"TW-11-185-1",3,NA,NA,NA,NA,1,NA,NA,NA,1,NA,NA,1,NA,NA,NA,NA,NA,NA
30,"TW","11","11-185",1,2,"TW-11-185-2",2,NA,NA,NA,1,NA,NA,NA,NA,NA,NA,NA,NA,NA,1,NA,NA,NA,NA
30,"TW","11","11-185",1,3,"TW-11-185-3",1,NA,NA,NA,NA,NA,NA,NA,NA,NA,NA,NA,NA,NA,NA,NA,NA,NA,NA
30,"TW","12","12-21",1,1,"TW-12-21-1",4,NA,NA,1,NA,1,NA,NA,NA,1,NA,NA,NA,NA,NA,NA,NA,NA,NA
30,"TW","12","12-21",1,2,"TW-12-21-2",2,NA,NA,NA,1,NA,NA,1,NA,NA,NA,NA,NA,NA,NA,NA,NA,NA,NA
30,"TW","12","12-21",1,3,"TW-12-21-3",1,NA,NA,NA,NA,NA,NA,1,NA,NA,NA,NA,NA,NA,NA,NA,NA,NA,NA
30,"TW","12","12-21",1,4,"TW-12-21-4",2,NA,NA,NA,NA,NA,NA,1,NA,NA,NA,NA,NA,NA,1,NA,NA,NA,NA
30,"TW","12","12-238",1,1,"TW-12-238-1",4,NA,NA,1,1,NA,1,NA,NA,1,NA,NA,NA,NA,NA,NA,1,NA,NA
30,"TW","12","12-238",1,2,"TW-12-238-2",1,NA,NA,NA,NA,NA,NA,NA,NA,NA,NA,NA,NA,NA,NA,NA,NA,NA,NA
30,"TW","12","12-238",1,3,"TW-12-238-3",1,NA,NA,NA,NA,NA,NA,1,NA,NA,NA,NA,NA,NA,NA,NA,NA,NA,NA
30,"TW","12","12-296",1,1,"TW-12-296-1",3,1,NA,1,1,NA,NA,NA,NA,NA,NA,NA,NA,NA,NA,NA,NA,NA,NA
30,"TW","12","12-296",1,2,"TW-12-296-2",1,NA,NA,NA,NA,NA,NA,NA,NA,NA,NA,NA,NA,NA,NA,NA,NA,NA,NA
30,"TW","13","13-94",1,1,"TW-13-94-1",3,NA,NA,1,NA,1,NA,NA,NA,1,NA,NA,NA,NA,NA,NA,NA,NA,NA
30,"TW","13","13-94",1,2,"TW-13-94-2",1,NA,NA,NA,NA,NA,NA,NA,NA,NA,NA,NA,NA,NA,NA,NA,NA,NA,NA
30,"TW","13","13-94",1,3,"TW-13-94-3",1,NA,NA,NA,NA,NA,NA,1,NA,NA,NA,NA,NA,NA,NA,NA,NA,NA,NA
30,"TW","13","13-133",1,1,"TW-13-133-1",4,1,NA,1,1,1,1,NA,NA,1,NA,1,NA,NA,1,NA,NA,1,NA
30,"TW","13","13-133",1,2,"TW-13-133-2",2,NA,NA,NA,1,NA,NA,NA,NA,NA,NA,NA,NA,NA,NA,NA,NA,NA,NA
30,"TW","13","13-133",1,3,"TW-13-133-3",3,NA,NA,NA,1,NA,NA,1,NA,NA,NA,NA,NA,NA,NA,NA,NA,NA,NA
30,"TW","13","13-176",1,1,"TW-13-176-1",1,NA,NA,NA,NA,NA,NA,NA,NA,NA,NA,NA,NA,NA,NA,NA,NA,NA,NA
30,"TW","13","13-176",1,2,"TW-13-176-2",1,NA,NA,NA,NA,NA,NA,NA,NA,NA,NA,NA,NA,NA,NA,NA,NA,NA,NA
30,"TW","14","14-189",1,1,"TW-14-189-1",2,NA,NA,NA,NA,NA,1,NA,NA,1,NA,NA,NA,NA,NA,NA,NA,NA,NA
30,"TW","14","14-189",1,2,"TW-14-189-2",1,NA,NA,NA,NA,NA,NA,NA,NA,NA,NA,NA,NA,NA,NA,NA,NA,NA,1
30,"TW","14","14-189",1,3,"TW-14-189-3",1,NA,NA,NA,NA,NA,NA,NA,NA,NA,NA,NA,NA,NA,NA,NA,NA,NA,NA
30,"TW","14","14-189",1,4,"TW-14-189-4",2,NA,NA,NA,NA,NA,NA,NA,NA,NA,NA,NA,NA,NA,1,NA,NA,NA,NA
30,"TW","14","14-212",1,1,"TW-14-212-1",1,1,NA,1,NA,NA,NA,NA,NA,NA,NA,NA,NA,NA,NA,NA,NA,NA,NA
30,"TW","14","14-212",1,2,"TW-14-212-2",1,NA,NA,NA,1,NA,NA,NA,NA,NA,NA,NA,NA,NA,NA,NA,NA,NA,NA
30,"TW","14","14-212",1,3,"TW-14-212-3",1,NA,NA,NA,NA,NA,NA,NA,NA,NA,NA,NA,NA,NA,NA,NA,NA,NA,NA
30,"TW","14","14-212",1,4,"TW-14-212-4",1,NA,NA,NA,NA,NA,NA,NA,NA,NA,NA,NA,NA,NA,NA,NA,NA,NA,NA
30,"TW","14","14-237",1,1,"TW-14-237-1",1,NA,NA,NA,NA,1,NA,NA,NA,NA,NA,NA,NA,NA,NA,NA,NA,NA,NA
30,"TW","14","14-237",1,2,"TW-14-237-2",1,NA,NA,NA,NA,NA,NA,NA,NA,NA,NA,NA,NA,NA,NA,NA,NA,NA,NA
30,"TW","14","14-237",1,3,"TW-14-237-3",1,NA,NA,NA,NA,NA,NA,NA,NA,NA,NA,NA,NA,NA,NA,NA,NA,NA,NA
30,"TW","14","14-237",1,4,"TW-14-237-4",1,NA,NA,NA,NA,NA,NA,1,NA,NA,NA,NA,NA,NA,NA,NA,NA,NA,NA
30,"TW","15","15-36",1,1,"TW-15-36-1",2,1,NA,NA,1,NA,NA,NA,NA,1,NA,NA,NA,NA,NA,NA,NA,NA,NA
30,"TW","15","15-36",1,2,"TW-15-36-2",3,NA,NA,1,NA,NA,NA,NA,NA,NA,NA,NA,NA,NA,1,NA,NA,NA,NA
30,"TW","15","15-36",1,3,"TW-15-36-3",3,NA,NA,1,NA,NA,NA,1,1,NA,NA,NA,NA,NA,NA,NA,NA,NA,NA
30,"TW","15","15-36",1,4,"TW-15-36-4",2,NA,NA,NA,NA,NA,NA,1,1,NA,NA,NA,NA,NA,NA,NA,NA,NA,NA
30,"TW","15","15-76",1,1,"TW-15-76-1",2,1,NA,NA,1,1,1,NA,NA,NA,NA,NA,NA,NA,NA,NA,NA,NA,NA
30,"TW","15","15-76",1,2,"TW-15-76-2",1,NA,NA,NA,NA,NA,NA,NA,NA,NA,NA,NA,NA,NA,NA,NA,NA,NA,NA
30,"TW","15","15-76",1,3,"TW-15-76-3",1,NA,NA,NA,NA,NA,NA,NA,NA,NA,NA,NA,NA,NA,NA,NA,NA,NA,NA
30,"TW","15","15-76",1,4,"TW-15-76-4",1,NA,NA,NA,NA,NA,NA,NA,NA,NA,NA,NA,NA,NA,NA,NA,NA,NA,NA
30,"TW","15","15-139",1,1,"TW-15-139-1",2,NA,NA,NA,NA,NA,1,NA,NA,1,NA,NA,NA,NA,NA,NA,NA,NA,NA
30,"TW","15","15-139",1,2,"TW-15-139-2",2,NA,NA,NA,NA,NA,NA,NA,NA,1,NA,NA,NA,NA,NA,NA,NA,NA,NA
30,"TW","15","15-139",1,3,"TW-15-139-3",1,NA,NA,NA,NA,NA,NA,1,NA,NA,NA,NA,NA,NA,NA,NA,NA,NA,NA
30,"TW","15","15-139",1,4,"TW-15-139-4",1,NA,NA,NA,NA,NA,NA,1,NA,NA,NA,NA,NA,NA,NA,NA,NA,NA,NA
30,"TW","15","15-139",1,5,"TW-15-139-5",2,NA,NA,NA,NA,NA,NA,1,NA,NA,NA,1,NA,NA,NA,NA,NA,NA,NA
30,"TW","16","16-34",1,1,"TW-16-34-1",2,NA,NA,NA,NA,NA,NA,NA,NA,1,NA,NA,NA,NA,NA,1,NA,NA,NA
30,"TW","16","16-34",1,2,"TW-16-34-2",1,NA,NA,NA,NA,NA,NA,NA,NA,NA,NA,NA,NA,NA,NA,NA,NA,NA,NA
30,"TW","16","16-34",1,3,"TW-16-34-3",1,NA,NA,NA,NA,NA,NA,1,NA,NA,NA,NA,NA,NA,NA,NA,NA,NA,NA
30,"TW","16","16-34",1,4,"TW-16-34-4",1,NA,NA,NA,NA,NA,NA,1,NA,NA,NA,NA,NA,NA,NA,NA,NA,NA,NA
30,"TW","16","16-34",1,5,"TW-16-34-5",3,NA,NA,NA,NA,NA,NA,1,1,NA,NA,NA,NA,NA,NA,NA,NA,NA,NA
30,"TW","16","16-44",1,1,"TW-16-44-1",3,NA,NA,NA,NA,1,NA,NA,NA,1,NA,1,1,NA,NA,NA,NA,NA,NA
30,"TW","16","16-44",1,2,"TW-16-44-2",1,NA,NA,NA,NA,NA,NA,NA,NA,NA,NA,NA,NA,NA,NA,NA,NA,NA,NA
30,"TW","16","16-44",1,3,"TW-16-44-3",2,NA,NA,NA,NA,NA,NA,1,NA,NA,NA,NA,NA,NA,1,NA,NA,NA,1
30,"TW","16","16-44",1,4,"TW-16-44-4",1,NA,NA,NA,NA,NA,NA,NA,NA,NA,NA,NA,NA,NA,NA,NA,NA,NA,NA
30,"TW","16","16-44",1,5,"TW-16-44-5",2,NA,NA,NA,NA,NA,NA,NA,1,NA,NA,NA,NA,NA,NA,NA,NA,NA,NA
30,"TW","16","16-44",1,6,"TW-16-44-6",1,NA,NA,NA,NA,NA,NA,NA,1,NA,NA,NA,NA,NA,NA,NA,NA,NA,NA
30,"TW","16","16-44",1,7,"TW-16-44-7",2,NA,NA,NA,NA,NA,NA,NA,1,NA,1,NA,NA,NA,NA,NA,NA,NA,NA
30,"TW","16","16-55",1,1,"TW-16-55-1",4,NA,NA,1,NA,NA,NA,NA,NA,1,NA,NA,NA,NA,NA,NA,NA,NA,NA
30,"TW","16","16-55",1,2,"TW-16-55-2",2,1,NA,NA,1,NA,NA,NA,NA,NA,NA,NA,NA,NA,1,NA,NA,NA,NA
30,"TW","16","16-55",1,3,"TW-16-55-3",2,1,NA,NA,1,NA,NA,NA,NA,NA,NA,NA,NA,NA,NA,NA,NA,NA,NA
30,"TW","16","16-55",1,4,"TW-16-55-4",3,1,NA,NA,NA,NA,NA,NA,NA,NA,1,NA,NA,NA,1,NA,NA,NA,NA
30,"TW","16","16-55",1,5,"TW-16-55-5",1,NA,NA,NA,NA,NA,NA,1,NA,NA,NA,NA,NA,NA,NA,NA,NA,NA,NA
30,"TW","16","16-55",1,6,"TW-16-55-6",2,NA,NA,NA,NA,NA,1,1,1,NA,NA,NA,NA,NA,NA,NA,NA,NA,NA
30,"TW","16","16-55",1,7,"TW-16-55-7",3,NA,NA,NA,NA,NA,NA,1,1,NA,NA,NA,NA,NA,1,NA,NA,NA,NA
30,"TW","17","17-19",1,1,"TW-17-19-1",2,1,NA,1,1,NA,NA,1,NA,NA,NA,NA,NA,NA,NA,NA,NA,NA,NA
30,"TW","17","17-19",1,2,"TW-17-19-2",2,NA,NA,NA,NA,NA,1,1,NA,NA,NA,NA,NA,NA,NA,NA,NA,NA,NA
30,"TW","17","17-19",1,3,"TW-17-19-3",1,NA,NA,NA,NA,NA,NA,NA,NA,NA,NA,NA,NA,NA,NA,NA,NA,NA,NA
30,"TW","17","17-19",1,4,"TW-17-19-4",2,NA,NA,NA,NA,NA,NA,1,1,NA,1,NA,NA,NA,NA,NA,NA,NA,NA
30,"TW","17","17-117",1,1,"TW-17-117-1",2,1,NA,NA,NA,NA,NA,1,NA,NA,NA,NA,NA,NA,NA,NA,NA,NA,NA
30,"TW","17","17-117",1,2,"TW-17-117-2",2,NA,NA,NA,1,NA,NA,NA,NA,NA,NA,NA,NA,NA,NA,NA,NA,NA,NA
30,"TW","17","17-117",1,3,"TW-17-117-3",1,NA,NA,NA,1,NA,NA,NA,NA,NA,NA,NA,NA,NA,NA,NA,NA,NA,NA
30,"TW","17","17-117",1,4,"TW-17-117-4",1,NA,NA,NA,NA,NA,NA,NA,NA,NA,NA,NA,NA,NA,NA,NA,NA,NA,NA
30,"TW","17","17-163",1,1,"TW-17-163-1",4,1,1,1,NA,NA,NA,NA,NA,1,NA,NA,NA,NA,NA,1,NA,NA,NA
30,"TW","17","17-163",1,2,"TW-17-163-2",1,NA,NA,NA,NA,NA,NA,1,NA,NA,NA,NA,NA,NA,NA,NA,NA,NA,NA
30,"TW","17","17-163",1,3,"TW-17-163-3",1,NA,NA,NA,NA,NA,NA,NA,NA,NA,NA,NA,NA,NA,NA,NA,NA,NA,NA
30,"TW","17","17-163",1,4,"TW-17-163-4",1,NA,NA,NA,NA,NA,NA,1,NA,NA,NA,NA,NA,NA,NA,NA,NA,NA,NA
30,"TW","18","18-67",1,1,"TW-18-67-1",2,1,NA,1,NA,NA,1,1,NA,NA,NA,NA,NA,NA,NA,NA,NA,NA,NA
30,"TW","18","18-67",1,2,"TW-18-67-2",1,NA,NA,NA,NA,NA,NA,1,NA,NA,NA,NA,NA,NA,NA,NA,NA,NA,NA
30,"TW","18","18-67",1,3,"TW-18-67-3",1,NA,NA,NA,NA,NA,NA,1,NA,NA,NA,NA,NA,NA,NA,NA,NA,NA,NA
30,"TW","18","18-67",1,4,"TW-18-67-4",1,NA,NA,NA,NA,NA,NA,1,NA,NA,NA,NA,NA,NA,NA,NA,NA,NA,NA
30,"TW","18","18-67",1,5,"TW-18-67-5",1,NA,NA,NA,NA,NA,NA,NA,NA,NA,NA,NA,NA,NA,NA,NA,NA,NA,NA
30,"TW","18","18-67",1,6,"TW-18-67-6",1,NA,NA,NA,NA,NA,NA,NA,NA,NA,NA,NA,NA,NA,NA,NA,NA,NA,NA
30,"TW","18","18-111",1,1,"TW-18-111-1",3,NA,1,NA,NA,NA,NA,NA,NA,1,NA,NA,1,NA,NA,NA,NA,NA,NA
30,"TW","18","18-111",1,2,"TW-18-111-2",2,NA,NA,NA,NA,NA,NA,NA,NA,1,NA,NA,NA,NA,NA,NA,NA,NA,1
30,"TW","18","18-111",1,3,"TW-18-111-3",1,NA,NA,NA,NA,NA,NA,NA,NA,NA,NA,NA,NA,NA,NA,NA,NA,NA,NA
30,"TW","18","18-111",1,4,"TW-18-111-4",1,NA,NA,NA,NA,NA,NA,NA,NA,NA,NA,NA,NA,NA,NA,NA,NA,NA,NA
30,"TW","18","18-111",1,5,"TW-18-111-5",1,NA,NA,NA,NA,NA,NA,1,NA,NA,NA,NA,NA,NA,NA,NA,NA,NA,NA
30,"TW","18","18-111",1,6,"TW-18-111-6",1,NA,NA,NA,NA,NA,NA,NA,NA,NA,NA,NA,NA,NA,NA,NA,NA,NA,NA
30,"TW","18","18-117",1,1,"TW-18-117-1",2,NA,1,NA,NA,NA,NA,NA,NA,NA,NA,NA,1,NA,NA,NA,NA,NA,NA
30,"TW","18","18-117",1,2,"TW-18-117-2",1,NA,NA,NA,NA,NA,NA,NA,NA,NA,NA,NA,NA,NA,NA,NA,NA,NA,1
30,"TW","18","18-117",1,3,"TW-18-117-3",1,NA,NA,NA,NA,NA,NA,NA,NA,NA,NA,NA,NA,NA,NA,NA,NA,NA,NA
30,"TW","18","18-117",1,4,"TW-18-117-4",4,NA,NA,NA,NA,NA,NA,NA,NA,NA,NA,NA,NA,NA,NA,NA,NA,NA,NA
30,"TW","18","18-117",1,5,"TW-18-117-5",4,NA,NA,NA,NA,NA,NA,NA,NA,NA,NA,NA,NA,NA,1,NA,NA,NA,NA
30,"TW","18","18-117",1,6,"TW-18-117-6",1,NA,NA,NA,NA,NA,NA,NA,1,NA,NA,NA,NA,NA,NA,NA,NA,NA,NA
30,"TW","9","9-103",1,1,"TW-9-103-1",3,1,NA,1,1,1,NA,NA,NA,1,NA,NA,1,NA,NA,NA,NA,NA,NA
30,"TW","9","9-103",1,2,"TW-9-103-2",1,NA,NA,NA,NA,NA,NA,NA,NA,NA,NA,NA,NA,NA,NA,NA,NA,NA,NA
30,"TW","9","9-103",1,3,"TW-9-103-3",1,NA,NA,NA,NA,NA,NA,NA,NA,NA,NA,NA,NA,NA,NA,NA,NA,NA,NA
30,"TW","9","9-103",1,4,"TW-9-103-4",1,NA,NA,NA,NA,NA,NA,1,NA,NA,NA,NA,NA,NA,NA,NA,NA,NA,NA
