"STATION","NAME","DATE","CDSD","DSND","DSNW","EMNT","EMSD","EMSN","EMXP","EMXT","HDSD","PRCP","SNOW","TAVG","TMAX","TMIN"
"USC00023009","FLAGSTAFF 4 SW, AZ US","1996-09","88","0","0","26","0","0.0","1.55","88","464","5.87","0.0","53.3","69.3","37.3"
"USC00023009","FLAGSTAFF 4 SW, AZ US","1996-10","88","6","3","8","6","4.5","0.40","80","1098","1.17","12.3","42.4","60.3","24.4"
"USC00023009","FLAGSTAFF 4 SW, AZ US","1996-11","88","6","5","8","7","5.0","0.75","67","1985","2.33","15.9","35.4","51.0","19.9"
"USC00023009","FLAGSTAFF 4 SW, AZ US","1996-12","88","5","0","0","3","0.5","0.71","60","2934","0.94","0.5","32.2","47.1","17.2"
"USC00023009","FLAGSTAFF 4 SW, AZ US","1997-01","0","23","4","-14","38","23.0","2.43","58","4007","6.56","46.0","26.7","40.2","13.2"
"USC00023009","FLAGSTAFF 4 SW, AZ US","1997-02","0","24","2","-3","21","16.8","1.32","56","5000","1.56","19.4","26.8","43.7","9.9"
"USC00023009","FLAGSTAFF 4 SW, AZ US","1997-03","0","11","0","-18","21","0.0","0.01","71","5822","0.01","0.0","36.4","57.2","15.6"
"USC00023009","FLAGSTAFF 4 SW, AZ US","1997-04","0","8","4","12","22","14.8","1.30","70","6581","2.97","32.6","38.7","54.5","22.9"
"USC00023009","FLAGSTAFF 4 SW, AZ US","1997-05","0","0","0","15","0","0.0","0.10","83","7004","0.15","0.0","51.4","72.2","30.5"
"USC00023009","FLAGSTAFF 4 SW, AZ US","1997-06","0","0","0","25","0","0.0","0.52","82","7349","0.62","0.0","53.5","74.3","32.7"
"USC00023009","FLAGSTAFF 4 SW, AZ US","1997-07","14","0","0","25","0","0.0","0.11","90","130","0.34","0.0","61.1","82.5","39.8"
"USC00023009","FLAGSTAFF 4 SW, AZ US","1997-08","20","0","0","39","0","0.0","1.08","85","216","5.68","0.0","62.3","78.0","46.6"
"USC00023009","FLAGSTAFF 4 SW, AZ US","1997-09","20","0","0","27","0","0.0","1.75","80","419","3.56","0.0","58.3","73.8","42.7"
"USC00023009","FLAGSTAFF 4 SW, AZ US","1997-10","20","1","0","12","1","0.6","1.44","76","1043","1.95","0.6","44.1","61.0","27.1"
"USC00023009","FLAGSTAFF 4 SW, AZ US","1997-11","20","3","1","12","2","1.5","0.39","70","1825","0.96","2.0","36.0","52.4","19.6"
"USC00023009","FLAGSTAFF 4 SW, AZ US","1997-12","20","18","4","-15","11","10.0","0.84","55","2985","2.24","17.6","24.9","40.1","9.8"
"USC00023009","FLAGSTAFF 4 SW, AZ US","1998-01","0","13","1","-6","6","5.5","0.55","56","3902","1.61","6.5","30.1","44.3","15.8"
"USC00023009","FLAGSTAFF 4 SW, AZ US","1998-02","0",,"5","-13",,"10.7",,"53","4861","3.45","41.6","24.8","39.8","9.8"
"USC00023009","FLAGSTAFF 4 SW, AZ US","1998-03","0","27","8","-7","14","12.0","0.57","66","5715","4.48","39.1","32.6","48.0","17.2"
"USC00023009","FLAGSTAFF 4 SW, AZ US","1998-04","0","14","2","6","12","5.8","0.53","69","6531","1.92","11.7","36.0","50.5","21.5"
"USC00023009","FLAGSTAFF 4 SW, AZ US","1998-06",,"0","0","24","0","0.0","0.00","88",,"0.00","0.0","52.1","72.2","32.1"
"USC00023009","FLAGSTAFF 4 SW, AZ US","1998-07",,"0","0","33","0","0.0","0.56","94","51","2.73","0.0","64.5","82.7","46.2"
"USC00023009","FLAGSTAFF 4 SW, AZ US","1998-08",,"0","0","37","0","0.0","0.60","87","129","3.33","0.0","62.8","80.5","45.0"
"USC00023009","FLAGSTAFF 4 SW, AZ US","1998-09",,"0","0","26","0","0.0","1.05","78","411","4.77","0.0","55.6","71.5","39.6"
"USC00023009","FLAGSTAFF 4 SW, AZ US","1998-10",,,"0","11",,"0.4","1.27","73","1101","2.96","0.4","42.8","60.3","25.2"
"USC00023009","FLAGSTAFF 4 SW, AZ US","1998-11",,"4","2","3","3","2.8","1.85","65","1932","3.05","5.1","35.3","51.9","18.8"
"USC00023009","FLAGSTAFF 4 SW, AZ US","1998-12",,"13","2","-14","4","2.5","0.30","60","3010","0.51","4.7","29.1","45.2","12.9"
"USC00023009","FLAGSTAFF 4 SW, AZ US","1999-01","0","6","1","-1","3","3.4","0.33","59","4008","0.33","3.5","31.7","49.7","13.8"
"USC00023009","FLAGSTAFF 4 SW, AZ US","1999-02","0","6","1","-3","5","4.9","0.49","65","4890","0.76","5.9","33.5","50.5","16.5"
"USC00023009","FLAGSTAFF 4 SW, AZ US","1999-03","0","2","2","10","2","1.7","0.28","65","5709","0.48","3.3","37.7","56.7","18.8"
"USC00023009","FLAGSTAFF 4 SW, AZ US","1999-04","0","13","6","2","28","15.0","0.95","70","6546","4.16","43.7","36.1","50.9","21.3"
"USC00023009","FLAGSTAFF 4 SW, AZ US","1999-05","0","0","0","20","0","0.0","0.50","73","7120","0.79","0.0","46.5","65.3","27.7"
"USC00023009","FLAGSTAFF 4 SW, AZ US","1999-06","0","0","0","24","0","0.0","0.21","88","7405","0.48","0.0","55.5","75.6","35.4"
"USC00023009","FLAGSTAFF 4 SW, AZ US","1999-07","5","0","0","40","0","0.0","1.16","89","110","4.04","0.0","61.6","76.9","46.3"
"USC00023009","FLAGSTAFF 4 SW, AZ US","1999-08","5","0","0","30","0","0.0","0.44","82","336","2.06","0.0","57.2","74.4","40.1"
"USC00023009","FLAGSTAFF 4 SW, AZ US","1999-09","5","0","0","23","0","0.0","1.65","78","754","5.25","0.0","51.0","68.2","33.9"
"USC00023009","FLAGSTAFF 4 SW, AZ US","1999-10","5","0","0","9","0","0.0","0.01","77","1392","0.01","0.0","43.0","65.1","20.9"
"USC00023009","FLAGSTAFF 4 SW, AZ US","1999-11","5","0","0","-8","0","0.0","0.00","68","2217","0.00","0.0","36.6","59.5","13.6"
"USC00023009","FLAGSTAFF 4 SW, AZ US","1999-12","5","0","0","-15","0","0.3","0.01","58","3465","0.01","0.3","23.6","42.8","4.3"
"USC00023009","FLAGSTAFF 4 SW, AZ US","2000-01","0","11","3","-15","7","4.5","0.29","59","4619","1.03","9.6","27.8","45.3","10.2"
"USC00023009","FLAGSTAFF 4 SW, AZ US","2000-02","0","8","4","6","5","4.7","0.81","58","5545","1.78","14.1","31.8","46.3","17.3"
"USC00023009","FLAGSTAFF 4 SW, AZ US","2000-03","0","16","7","2","18","14.8","1.27","61","6486","3.31","31.4","32.7","47.9","17.4"
"USC00023009","FLAGSTAFF 4 SW, AZ US","2000-04","0","1","1","11","3","2.9","0.21","76","7062","0.23","2.9","42.9","63.5","22.3"
"USC00023009","FLAGSTAFF 4 SW, AZ US","2000-05","0","0","0","8","0","0.0","0.00","84","7531","0.00","0.0","49.9","71.2","28.5"
"USC00023009","FLAGSTAFF 4 SW, AZ US","2000-06","0","0","0","21","0","0.0","1.10","85","7805","2.05","0.0","55.2","75.3","35.1"
"USC00023009","FLAGSTAFF 4 SW, AZ US","2000-07","36","0","0","32","0","0.0","0.20","92","69","0.24","0.0","63.9","83.8","44.1"
"USC00023009","FLAGSTAFF 4 SW, AZ US","2000-08","69","0","0","35","0","0.0","0.66","90","155","2.11","0.0","63.4","80.0","46.7"
"USC00023009","FLAGSTAFF 4 SW, AZ US","2000-09","69","0","0","23","0","0.0","0.10","87","384","0.13","0.0","57.1","76.0","38.2"
"USC00023009","FLAGSTAFF 4 SW, AZ US","2000-10","69","2","0","17","3","0.0","1.01","81","989","4.46","0.0","45.5","60.8","30.2"
"USC00023009","FLAGSTAFF 4 SW, AZ US","2000-11","69",,"2","-9",,"10.0","0.58","58","2104","0.82","19.6","27.9","43.1","12.6"
"USC00023009","FLAGSTAFF 4 SW, AZ US","2000-12","69","5","1","2","2","2.1","0.13","57","3102","0.13","2.1","32.8","49.3","16.3"
"USC00023009","FLAGSTAFF 4 SW, AZ US","2001-01","0","16","7","-14","18","9.8","1.21","58","4184","2.21","26.3","25.1","42.3","7.9"
"USC00023009","FLAGSTAFF 4 SW, AZ US","2001-02","0","23","5","-9","15","13.5","0.90","59","5243","2.11","30.0","27.2","43.2","11.2"
"USC00023009","FLAGSTAFF 4 SW, AZ US","2001-03","0",,"3","4",,"5.0","0.88","65","6136","1.67","9.7","36.2","52.0","20.3"
"USC00023009","FLAGSTAFF 4 SW, AZ US","2001-04","0",,"3","17",,"7.0","0.85","73","6777","1.61","14.4","42.1","56.0","28.2"
"USC00023009","FLAGSTAFF 4 SW, AZ US","2001-05","0","0","0","18","0","0.0","0.37","83","7171","0.73","0.0","52.3","72.7","31.9"
"USC00023009","FLAGSTAFF 4 SW, AZ US","2001-06","8","0","0","17","0","0.0","0.20","89","7365","0.23","0.0","58.8","79.9","37.7"
"USC00023009","FLAGSTAFF 4 SW, AZ US","2001-07","35","0","0","35","0","0.0","0.36","89","83","1.18","0.0","63.2","80.6","45.8"
"USC00023009","FLAGSTAFF 4 SW, AZ US","2001-08","46","0","0","35","0","0.0","0.83","88","171","2.82","0.0","62.5","79.5","45.6"
"USC00023009","FLAGSTAFF 4 SW, AZ US","2001-09","48","0","0","25","0","0.0","0.11","82","407","0.25","0.0","57.2","78.6","35.8"
"USC00023009","FLAGSTAFF 4 SW, AZ US","2001-10","48","0","0","19","0","0.0","1.04","77","909","1.22","0.0","48.8","68.2","29.4"
"USC00023009","FLAGSTAFF 4 SW, AZ US","2001-11","48","6","2","2","4","2.9","0.24","65","1751","0.43","5.1","36.9","53.7","20.2"
"USC00023009","FLAGSTAFF 4 SW, AZ US","2001-12","48","30","6","-15","8","5.8","0.37","55","2959","1.23","19.8","24.7","41.4","8.0"
"USC00023009","FLAGSTAFF 4 SW, AZ US","2002-01","0","14","1","-13","4","1.4","0.18","63","4073","0.23","3.0","29.1","44.3","13.8"
"USC00023009","FLAGSTAFF 4 SW, AZ US","2002-02","0",,"1","-5",,"1.0","0.08","64","5011","0.11","1.4","30.3","49.3","11.2"
"USC00023009","FLAGSTAFF 4 SW, AZ US","2002-03","0","2","1","-9","4","4.4","0.22","68","5970","0.46","5.2","33.2","51.5","14.9"
"USC00023009","FLAGSTAFF 4 SW, AZ US","2002-04","0","0","0","9","0","0.0","0.42","75","6575","0.42","0.0","44.9","63.2","26.5"
"USC00023009","FLAGSTAFF 4 SW, AZ US","2002-05","0","0","0","15","0","0.0","0.00","87","7101","0.00","0.0","48.0","69.7","26.3"
"USC00023009","FLAGSTAFF 4 SW, AZ US","2002-06","8","0","0","29","0","0.0","0.00","88","7295","0.00","0.0","58.8","82.8","34.8"
"USC00023009","FLAGSTAFF 4 SW, AZ US","2002-07","97","0","0","38","0","0.0","0.63","92","23","1.82","0.0","67.1","84.4","49.9"
"USC00023009","FLAGSTAFF 4 SW, AZ US","2002-08","126","0","0","27","0","0.0","0.62","91","127","1.64","0.0","62.5","82.2","42.8"
"USC00023009","FLAGSTAFF 4 SW, AZ US","2002-09","128","0","0","27","0","0.0","1.58","85","404","3.73","0.0","55.8","73.3","38.3"
"USC00023009","FLAGSTAFF 4 SW, AZ US","2002-10","128","0","0","20","0","0.0","0.72","71","1070","2.31","0.0","43.5","59.5","27.5"
"USC00023009","FLAGSTAFF 4 SW, AZ US","2002-11","128","4","1","4","3","3.3","0.32","65","1873","1.58","3.3","35.3","52.1","18.5"
"USC00023009","FLAGSTAFF 4 SW, AZ US","2002-12","128","15","7","-13","9","5.3","0.40","53","3049","1.59","20.6","25.9","42.1","9.7"
"USC00023009","FLAGSTAFF 4 SW, AZ US","2003-01","0","11","1","2","6","1.9","0.10","62","3917","0.18","1.9","35.0","51.4","18.5"
"USC00023009","FLAGSTAFF 4 SW, AZ US","2003-02","0","5","4","1","8","6.3","1.20","60","4752","3.65","15.0","31.9","45.6","18.1"
"USC00023009","FLAGSTAFF 4 SW, AZ US","2003-03","0","13","4","-3","10","2.4","0.75","62","5633","2.59","8.8","34.4","49.4","19.6"
"USC00023009","FLAGSTAFF 4 SW, AZ US","2003-04","0","2","2","8","2","1.7","0.35","65","6354","0.80","3.0","39.0","55.7","22.4"
"USC00023009","FLAGSTAFF 4 SW, AZ US","2003-05","0","0","0","13","0","0.0","0.25","85","6768","0.28","0.0","51.2","70.4","32.0"
"USC00023009","FLAGSTAFF 4 SW, AZ US","2003-06","0","0","0","26","0","0.0","0.12","88","7032","0.12","0.0","56.2","78.4","33.9"
"USC00023009","FLAGSTAFF 4 SW, AZ US","2003-07","83","0","0","35","0","0.0","0.47","96","22","1.61","0.0","67.0","86.4","47.6"
"USC00023009","FLAGSTAFF 4 SW, AZ US","2003-08","108","0","0","40","0","0.0","0.94","90","80","3.94","0.0","63.9","79.7","48.2"
"USC00023009","FLAGSTAFF 4 SW, AZ US","2003-09","110","0","0","27","0","0.0","0.66","83","304","1.48","0.0","57.6","76.0","39.2"
"USC00023009","FLAGSTAFF 4 SW, AZ US","2003-10","110","0","0","22","0","0.0","0.10","80","744","0.11","0.0","50.8","71.3","30.3"
"USC00023009","FLAGSTAFF 4 SW, AZ US","2003-11","110","0","0","-1","0","0.4","2.20","64","1624","2.57","0.4","34.6","48.6","20.7"
"USC00023009","FLAGSTAFF 4 SW, AZ US","2003-12","110","9","3","-1","3","2.5","0.30","61","2661","0.51","5.3","29.0","44.3","13.6"
"USC00023009","FLAGSTAFF 4 SW, AZ US","2004-01","0",,"4","-9",,"1.7","0.30","53","3749","0.77","6.2","27.5","41.9","13.1"
"USC00023009","FLAGSTAFF 4 SW, AZ US","2004-02","0","22","6","-15","12","12.0","0.84","59","4898","2.52","25.7","25.4","39.6","11.1"
"USC00023009","FLAGSTAFF 4 SW, AZ US","2004-03","0","7","1","-2","8","6.5","0.67","73","5665","0.85","7.0","40.3","58.7","21.8"
"USC00023009","FLAGSTAFF 4 SW, AZ US","2004-04","0","0","0","17","0","0.5","0.49","73","6322","2.20","0.8","42.3","57.0","27.6"
"USC00023009","FLAGSTAFF 4 SW, AZ US","2004-05","0","0","0","20","0","0.0","0.00","76","6807","0.00","0.0","49.4","69.2","29.5"
"USC00023009","FLAGSTAFF 4 SW, AZ US","2004-06","0","0","0","23","0","0.0","0.21","85","7066","0.23","0.0","56.4","78.4","34.3"
"USC00023009","FLAGSTAFF 4 SW, AZ US","2004-07","19","0","0","26","0","0.0","0.84","87","113","2.54","0.0","62.0","81.2","42.7"
"USC00023009","FLAGSTAFF 4 SW, AZ US","2004-08","29","0","0","35","0","0.0","2.01","85","266","5.42","0.0","60.4","76.8","44.0"
"USC00023009","FLAGSTAFF 4 SW, AZ US","2004-09","33","0","0","23","0","0.0","0.67","81","595","1.91","0.0","54.1","72.0","36.2"
"USC00023009","FLAGSTAFF 4 SW, AZ US","2004-10","33","4","3","9","10","7.0","1.94","73","1268","3.98","17.2","43.3","58.4","28.2"
"USC00023009","FLAGSTAFF 4 SW, AZ US","2004-11","33","13","2","-4","6","4.5","1.43","62","2169","3.68","8.6","33.9","46.3","21.5"
"USC00023009","FLAGSTAFF 4 SW, AZ US","2004-12","33","25","4","0","9","4.1","1.80","65","3220","4.15","9.4","29.7","44.5","14.8"
"USC00023009","FLAGSTAFF 4 SW, AZ US","2005-01","0","28","6","-13","23","17.0","1.33","56","4189","6.76","48.6","29.9","42.8","17.0"
"USC00023009","FLAGSTAFF 4 SW, AZ US","2005-02","0","26","5","2","12","4.0","1.59","51","5128","5.04","14.3","31.5","41.4","21.6"
"USC00023009","FLAGSTAFF 4 SW, AZ US","2005-03","0",,"4","2",,"4.0","0.42","62","5969","1.80","17.0","36.0","48.5","23.5"
"USC00023009","FLAGSTAFF 4 SW, AZ US","2005-04","0","2","1","15","2","1.5","0.88","67","6663","2.73","2.8","41.9","56.9","26.9"
"USC00023009","FLAGSTAFF 4 SW, AZ US","2005-05","0","0","0","19","0","0.0","0.14","83","7095","0.14","0.0","51.0","68.5","33.6"
"USC00023009","FLAGSTAFF 4 SW, AZ US","2005-06","7","0","0","26","0","0.0","0.29","86","7392","0.70","0.0","55.4","75.1","35.6"
"USC00023009","FLAGSTAFF 4 SW, AZ US","2005-07","85","0","0","31","0","0.0","1.18","94","61","1.81","0.0","65.6","85.4","45.8"
"USC00023009","FLAGSTAFF 4 SW, AZ US","2005-08","88","0","0","37","0","0.0","1.00","85","168","4.50","0.0","61.6","76.5","46.8"
"USC00023009","FLAGSTAFF 4 SW, AZ US","2005-09","89","0","0","24","0","0.0","0.31","79","434","0.66","0.0","55.9","73.7","38.1"
"USC00023009","FLAGSTAFF 4 SW, AZ US","2005-10","89","0","0","19","0","0.0","0.96","77","1004","2.28","0.0","46.6","64.3","28.9"
"USC00023009","FLAGSTAFF 4 SW, AZ US","2005-11","89","0","0","5","0","0.0","0.30","66","1802","0.31","0.0","37.5","55.5","19.5"
"USC00023009","FLAGSTAFF 4 SW, AZ US","2005-12","89","0","0","-2","0","0.0","0.02","61","2807","0.02","0.0","30.3","48.4","12.1"
"USC00023009","FLAGSTAFF 4 SW, AZ US","2006-01","0","2","1","-7","1","1.0","0.19","57","3830","0.25","2.1","28.4","47.0","9.8"
"USC00023009","FLAGSTAFF 4 SW, AZ US","2006-02","0","0","0","1","0","0.0","0.00","60","4771","0.00","0.0","31.4","50.4","12.5"
"USC00023009","FLAGSTAFF 4 SW, AZ US","2006-03","0","15","6","-5","19","15.1","0.94","58","5798","3.22","29.1","31.9","45.1","18.6"
"USC00023009","FLAGSTAFF 4 SW, AZ US","2006-04","0","0","0","16","0","0.0","0.57","67","6486","1.67","0.0","42.1","58.7","25.4"
"USC00023009","FLAGSTAFF 4 SW, AZ US","2006-05","0","0","0","21","0","0.0","0.06","81","6894","0.10","0.0","51.8","71.8","31.9"
"USC00023009","FLAGSTAFF 4 SW, AZ US","2006-06","18","0","0","29","0","0.0","0.18","90","7028","0.54","0.0","61.2","82.2","40.1"
"USC00023009","FLAGSTAFF 4 SW, AZ US","2006-07","95","0","0","43","0","0.0","0.79","90","28","4.43","0.0","66.6","81.9","51.3"
"USC00023009","FLAGSTAFF 4 SW, AZ US","2006-08","103","0","0","36","0","0.0","0.92","81","132","4.29","0.0","61.9","75.9","47.9"
"USC00023009","FLAGSTAFF 4 SW, AZ US","2006-09","103","0","0","25","0","0.0","1.43","79","490","2.98","0.0","53.1","69.5","36.7"
"USC00023009","FLAGSTAFF 4 SW, AZ US","2006-10","103","0","0","16","0","0.0","0.80","75","1141","3.60","0.0","44.0","60.2","27.8"
"USC00023009","FLAGSTAFF 4 SW, AZ US","2006-11","103","1","1","0","1","1.0","0.13","69","1904","0.14","1.1","36.7","55.5","17.9"
"USC00023009","FLAGSTAFF 4 SW, AZ US","2006-12","103",,"2","-3",,"3.5","0.27","60","2848","0.57","6.5","28.4","46.1","10.8"
"USC00023009","FLAGSTAFF 4 SW, AZ US","2007-01","0",,"4","-21",,"5.0","0.53","55","4097","1.34","13.8","23.1","38.9","7.2"
"USC00023009","FLAGSTAFF 4 SW, AZ US","2007-02","0",,"2","-12",,"4.5","0.45","57","4875","1.18","8.5","30.7","46.4","15.1"
"USC00023009","FLAGSTAFF 4 SW, AZ US","2007-03","0",,"1","1",,"1.0","0.11","73","5611","0.24","2.1","39.3","56.5","22.1"
"USC00023009","FLAGSTAFF 4 SW, AZ US","2007-04","0","1","0","7","2","0.4","0.09","76","6207","0.16","1.4","42.0","60.9","23.1"
"USC00023009","FLAGSTAFF 4 SW, AZ US","2007-05","0","0","0","17","0","0.0","0.60","80","6656","0.62","0.0","50.0","69.6","30.4"
"USC00023009","FLAGSTAFF 4 SW, AZ US","2007-06",,"0","0",,"0","0.0","0.00",,,"0.00","0.0",,,
"USC00023009","FLAGSTAFF 4 SW, AZ US","2007-07",,"0","0",,"0","0.0","0.40",,,"1.18","0.0",,,
"USC00023009","FLAGSTAFF 4 SW, AZ US","2007-08",,"0","0","42","0","0.0","1.73","85",,"2.53","0.0","63.9","79.5","48.4"
"USC00023009","FLAGSTAFF 4 SW, AZ US","2007-09",,"0","0","24","0","0.0","1.36","83",,"1.80","0.0","56.4","73.5","39.3"
"USC00023009","FLAGSTAFF 4 SW, AZ US","2007-10",,"0","0","14","0","0.0","0.37","72",,"0.53","0.0","46.1","65.4","26.8"
"USC00023009","FLAGSTAFF 4 SW, AZ US","2007-11",,"0","0","5","0","0.0","0.00","68",,"0.00","0.0","40.0","61.5","18.4"
"USC00023009","FLAGSTAFF 4 SW, AZ US","2007-12",,,,"-13",,,,"62",,,,"25.0","40.2","9.8"
"USC00023009","FLAGSTAFF 4 SW, AZ US","2008-01","0",,"2","-18",,"12.5","0.80","49",,"2.30","23.0","21.8","36.2","7.5"
"USC00023009","FLAGSTAFF 4 SW, AZ US","2008-02","0",,"0","-15",,"0.0","1.28","58",,"2.77","0.0","28.3","44.3","12.2"
"USC00023009","FLAGSTAFF 4 SW, AZ US","2008-03","0","0","0","2","0","0.0","0.00","64",,"0.00","0.0","35.6","51.6","19.6"
"USC00023009","FLAGSTAFF 4 SW, AZ US","2008-04","0","0","0","12","0","0.0","0.00","71",,"0.00","0.0","41.4","59.3","23.5"
"USC00023009","FLAGSTAFF 4 SW, AZ US","2008-05","4",,"2","11",,"5.0","0.44","84",,"0.77","9.0","46.1","63.2","29.0"
"USC00023009","FLAGSTAFF 4 SW, AZ US","2008-06","6","0","0","24","0","0.0","0.00","87",,"0.00","0.0","58.4","80.0","36.8"
"USC00023009","FLAGSTAFF 4 SW, AZ US","2008-07","34","0","0","43","0","0.0","1.37","88","43","3.02","0.0","64.5","79.2","49.7"
"USC00023009","FLAGSTAFF 4 SW, AZ US","2008-08","61","0","0","41","0","0.0","1.24","88","106","5.08","0.0","63.9","78.9","48.8"
"USC00023009","FLAGSTAFF 4 SW, AZ US","2008-09","61","0","0","30","0","0.0","0.42","81","404","1.16","0.0","55.0","73.5","36.6"
"USC00023009","FLAGSTAFF 4 SW, AZ US","2008-10","61","0","0","4","0","0.0","0.41","76","994","0.41","0.0","44.8","65.1","24.5"
"USC00023009","FLAGSTAFF 4 SW, AZ US","2008-11","61","1","1","5","3","3.4","0.35","69","1704","0.35","3.4","38.9","56.4","21.3"
"USC00023009","FLAGSTAFF 4 SW, AZ US","2008-12","61",,"4","-11",,"13.0","1.68","64","2841","5.98","26.5","28.3","43.2","13.4"
"USC00023009","FLAGSTAFF 4 SW, AZ US","2009-01",,,"4","2",,"4.0","0.49",,,"1.08","9.3",,,"14.1"
"USC00023009","FLAGSTAFF 4 SW, AZ US","2009-02",,"28","3","-13","29","10.3","1.12","58",,"2.41","22.3","28.2","45.2","11.2"
"USC00023009","FLAGSTAFF 4 SW, AZ US","2009-03",,,"0","8",,"0.5","0.10","65",,"0.12","0.5","36.6","52.0","21.2"
"USC00023009","FLAGSTAFF 4 SW, AZ US","2009-04",,,"2","10",,"2.2","0.32","73",,"0.63","4.6","41.0","58.4","23.7"
"USC00023009","FLAGSTAFF 4 SW, AZ US","2009-06",,"0","0","27","0","0.0","0.31","86",,"0.45","0.0","54.3","71.4","37.2"
"USC00023009","FLAGSTAFF 4 SW, AZ US","2009-07",,"0","0","40","0","0.0","0.56","92","36","1.16","0.0","65.1","83.4","46.8"
"USC00023009","FLAGSTAFF 4 SW, AZ US","2009-08",,"0","0","26","0","0.0","0.43","89","161","0.71","0.0","61.6","81.4","41.8"
"USC00023009","FLAGSTAFF 4 SW, AZ US","2009-09",,"0","0","28","0","0.0","0.57","83","404","1.22","0.0","56.4","74.4","38.4"
"USC00023009","FLAGSTAFF 4 SW, AZ US","2009-10",,"0","0","9","0","0.3","0.18","76","1137","0.29","0.3","41.4","60.3","22.4"
"USC00023009","FLAGSTAFF 4 SW, AZ US","2009-11",,"2","1","7","4","4.0","0.53","73","1998","0.89","4.8","36.3","54.9","17.7"
"USC00023009","FLAGSTAFF 4 SW, AZ US","2009-12",,,"4","-15",,"23.0","2.57","50","3347","4.43","33.8","21.5","37.4","5.6"
"USC00023009","FLAGSTAFF 4 SW, AZ US","2010-01","0","30","3","-4","44","16.4","2.44","56","4567","2.82","27.1","25.7","41.7","9.6"
"USC00023009","FLAGSTAFF 4 SW, AZ US","2010-02","0","27","3","-6","39","10.8","1.21","49","5629","1.82","18.0","27.0","40.5","13.6"
"USC00023009","FLAGSTAFF 4 SW, AZ US","2010-03","0","31","3","0","33","9.8","1.41","61","6657","2.22","19.0","31.9","47.4","16.3"
"USC00023009","FLAGSTAFF 4 SW, AZ US","2010-04","0","6","0","14","6","0.0","0.98","68","7419","0.98","0.0","39.6","54.4","24.8"
"USC00023009","FLAGSTAFF 4 SW, AZ US","2010-05","0","0","0","16","0","0.0","0.02","72","7974","0.04","0.0","45.2","62.8","27.6"
"USC00023009","FLAGSTAFF 4 SW, AZ US","2010-06","4","0","0","27","0","0.0","0.01","88","8221","0.01","0.0","56.9","77.7","36.2"
"USC00023009","FLAGSTAFF 4 SW, AZ US","2010-07","39","0","0","33","0","0.0","1.00","90","46","3.26","0.0","64.6","80.7","48.6"
"USC00023009","FLAGSTAFF 4 SW, AZ US","2010-08","44","0","0","39","0","0.0","2.44","85","132","5.36","0.0","62.4","76.6","48.2"
"USC00023009","FLAGSTAFF 4 SW, AZ US","2010-09","44","0","0","27","0","0.0","0.31","83","387","0.75","0.0","56.5","77.6","35.4"
"USC00023009","FLAGSTAFF 4 SW, AZ US","2010-10","44","0","0","17","0","0.0","1.64","81","946","4.75","0.0","46.9","62.4","31.5"
"USC00023009","FLAGSTAFF 4 SW, AZ US","2010-11","44","4","1","-10","4","2.5","1.29","68","1914","1.84","2.5","32.8","48.7","16.8"
"USC00023009","FLAGSTAFF 4 SW, AZ US","2010-12","44","1","0","-4","13","0.0","1.85","65","2889","3.84","0.0","33.5","47.0","20.0"
"USC00023009","FLAGSTAFF 4 SW, AZ US","2011-01","0",,,"-26",,,"0.00","56","4099","0.00",,"26.0","44.4","7.5"
"USC00023009","FLAGSTAFF 4 SW, AZ US","2011-02","0",,,"-12",,,"2.52","61","5162","3.08",,"27.0","42.0","12.1"
"USC00023009","FLAGSTAFF 4 SW, AZ US","2011-03","0",,,"3",,,"0.00","70","6000","0.00",,"38.0","53.6","22.4"
"USC00023009","FLAGSTAFF 4 SW, AZ US","2011-04","0",,,"-4",,,"0.25","74","6677","0.25",,"41.7","58.4","24.9"
"USC00023009","FLAGSTAFF 4 SW, AZ US","2011-05","0",,,"14",,,"0.00","74","7275","0.00",,"45.7","63.2","28.3"
"USC00023009","FLAGSTAFF 4 SW, AZ US","2011-06","1",,,"22",,,"0.00","89","7546","0.00",,"56.0","77.7","34.3"
"USC00023009","FLAGSTAFF 4 SW, AZ US","2011-07","42",,,"31",,,"0.70","90","54","2.56",,"64.6","81.3","47.9"
"USC00023009","FLAGSTAFF 4 SW, AZ US","2011-08","67",,,"39",,,"0.98","87","70","1.02",,"65.3","82.9","47.7"
"USC00023009","FLAGSTAFF 4 SW, AZ US","2011-09","67",,,"32",,,"0.58","85","285","1.92",,"57.0","74.3","39.8"
"USC00023009","FLAGSTAFF 4 SW, AZ US","2011-10","67","0","0","20","0","0.0","0.77","78","853","1.09","0.0","46.1","64.8","27.4"
"USC00023009","FLAGSTAFF 4 SW, AZ US","2011-11","67","1","1","3","1","1.6","1.50","65","1725","1.76","1.6","35.9","50.4","21.4"
"USC00023009","FLAGSTAFF 4 SW, AZ US","2011-12","67",,"4","-12",,"12.0",,"59","2968",,"18.9","24.9","40.3","9.5"
"USC00023009","FLAGSTAFF 4 SW, AZ US","2012-01","0",,"2","6",,"1.5",,"58","4026",,"2.5","30.9","46.2","15.5"
"USC00023009","FLAGSTAFF 4 SW, AZ US","2012-02","0",,,"-4",,,,"56","5020",,,"30.7","44.9","16.5"
"USC00023009","FLAGSTAFF 4 SW, AZ US","2012-03","0",,,"-3",,,,"62","5881",,,"34.3","51.8","16.8"
"USC00023009","FLAGSTAFF 4 SW, AZ US","2012-04","0","0","0","12","0","0.0","0.40","78","6527","0.40","0.0","43.5","61.2","25.7"
"USC00023009","FLAGSTAFF 4 SW, AZ US","2012-05","0",,,"16",,,,"82","6997",,,"49.8","70.0","29.7"
"USC00023009","FLAGSTAFF 4 SW, AZ US","2012-06","0","0","0","28","0","0.0","0.00","87","7190","0.00","0.0","58.6","80.9","36.2"
"USC00023009","FLAGSTAFF 4 SW, AZ US","2012-07","24","0","0","42","0","0.0",,"87","42",,"0.0","64.4","79.6","49.3"
"USC00023009","FLAGSTAFF 4 SW, AZ US","2012-08","35",,,"46",,,,"87","84",,,"64.0","79.0","49.0"
"USC00023009","FLAGSTAFF 4 SW, AZ US","2012-09",,"0","0",,"0","0.0",,,,"0.76","0.0",,,
"USC00023009","FLAGSTAFF 4 SW, AZ US","2012-10",,,,,,,"1.01",,,"1.01",,,,
"USC00023009","FLAGSTAFF 4 SW, AZ US","2012-11",,"0","0","10","0","0.0","0.42","68",,"0.75","0.0","37.8","56.5","19.1"
"USC00023009","FLAGSTAFF 4 SW, AZ US","2012-12",,"17","4","-12","19","15.0","1.20","62",,"1.90","21.4","25.3","41.2","9.4"
"USC00023009","FLAGSTAFF 4 SW, AZ US","2013-01","0","30","1","-21","10","1.3","0.14","53",,"0.26","2.5","22.3","41.2","3.5"
"USC00023009","FLAGSTAFF 4 SW, AZ US","2013-02","0",,"2","-14",,"6.1",,"54",,"0.69","9.6","27.2","42.7","11.7"
"USC00023009","FLAGSTAFF 4 SW, AZ US","2013-03","0","3","1","2","9","8.3","0.00","66",,"1.27","8.3","39.3","56.9","21.7"
"USC00023009","FLAGSTAFF 4 SW, AZ US","2013-04","0","1","0","8","1","0.6","0.23","75",,"0.27","0.6","43.2","61.6","24.8"
"USC00023009","FLAGSTAFF 4 SW, AZ US","2013-05","0","0","0","18","0","0.0","0.06","79",,"0.11","0.0","48.8","68.7","28.8"
"USC00023009","FLAGSTAFF 4 SW, AZ US","2013-06","24",,,"31",,,,"94",,,,"61.2","83.0","39.3"
"USC00023009","FLAGSTAFF 4 SW, AZ US","2013-07","60",,,"43",,,,"91","29","9.39",,"65.1","79.2","51.0"
"USC00023009","FLAGSTAFF 4 SW, AZ US","2013-08","63",,,"37",,,,"81","130",,,"61.7","75.7","47.7"
"USC00023009","FLAGSTAFF 4 SW, AZ US","2013-09","63","0","0","21","0","0.0",,"80","420",,"0.0","55.4","70.4","40.3"
"USC00023009","FLAGSTAFF 4 SW, AZ US","2013-10","63","0","0","15","0","0.1","0.31","70","1127","0.50","0.1","41.4","59.0","23.9"
"USC00023009","FLAGSTAFF 4 SW, AZ US","2013-11","63","2","1","-2","4","2.2","0.90","62","2112","2.00","2.2","31.1","49.8","12.4"
"USC00023009","FLAGSTAFF 4 SW, AZ US","2013-12",,"25","2",,"8","8.0","0.35",,,"0.40","10.4",,,
"USC00023009","FLAGSTAFF 4 SW, AZ US","2014-01",,"1","1",,"2","2.2","0.28","56",,"0.28","2.2",,"48.6",
"USC00023009","FLAGSTAFF 4 SW, AZ US","2014-02",,"4","0",,"2","0.2","0.10","64",,"0.19","0.2",,"47.9",
"USC00023009","FLAGSTAFF 4 SW, AZ US","2014-03",,"0","0",,"0","0.0","0.00",,,"1.60","0.0",,,
"USC00023009","FLAGSTAFF 4 SW, AZ US","2014-04",,"1","0",,"1","0.3","1.08","70",,"1.16","0.3",,"57.9",
"USC00023009","FLAGSTAFF 4 SW, AZ US","2014-05",,"0","0","21","0","0.0","0.10","79",,"0.17","0.0","49.7","67.7","31.8"
"USC00023009","FLAGSTAFF 4 SW, AZ US","2014-06",,"0","0","25","0","0.0","0.00","86",,"0.00","0.0","57.9","79.4","36.4"
"USC00023009","FLAGSTAFF 4 SW, AZ US","2014-07",,"0","0","39","0","0.0","0.46","88","36","2.54","0.0","64.9","81.3","48.5"
"USC00023009","FLAGSTAFF 4 SW, AZ US","2014-08",,"0","0","38","0","0.0","1.84","83","184","6.96","0.0","60.2","74.6","45.8"
"USC00023009","FLAGSTAFF 4 SW, AZ US","2014-09",,"0","0","28","0","0.0",,"79","422",,"0.0","57.1","73.2","40.9"
"USC00023009","FLAGSTAFF 4 SW, AZ US","2014-10",,"0","0","22","0","0.0","0.88","74","931","1.08","0.0","48.6","67.7","29.5"
"USC00023009","FLAGSTAFF 4 SW, AZ US","2014-11",,"0","0","5","0","0.0","0.01","66","1727","0.63","0.0","37.6","54.4","20.9"
"USC00023009","FLAGSTAFF 4 SW, AZ US","2014-12",,,,"1",,,,"56","2722",,,"31.7","44.5","18.9"
"USC00023009","FLAGSTAFF 4 SW, AZ US","2015-01",,"9","3","-12","12","9.9","1.10",,,"2.35","13.0",,,"17.4"
"USC00023009","FLAGSTAFF 4 SW, AZ US","2015-02",,"6","2","11","6","5.5","1.80","65",,"2.26","7.2","37.6","53.9","21.4"
"USC00023009","FLAGSTAFF 4 SW, AZ US","2015-03",,"9","2","2","11","7.5","1.58","70",,"3.89","14.2","39.9","56.7","23.0"
"USC00023009","FLAGSTAFF 4 SW, AZ US","2015-04",,"0","0","9","0","0.4","0.65","71",,"1.04","0.4","42.1","59.5","24.8"
"USC00023009","FLAGSTAFF 4 SW, AZ US","2015-05",,"0","1","23","0","2.0","0.78","78",,"2.32","2.3","46.3","61.5","31.1"
"USC00023009","FLAGSTAFF 4 SW, AZ US","2015-06",,"0","0","27","0","0.0","0.80","89",,"1.17","0.0","60.0","79.2","40.8"
"USC00023009","FLAGSTAFF 4 SW, AZ US","2015-07",,"0","0","34","0","0.0","0.80","83","113","3.04","0.0","61.6","77.3","46.0"
"USC00023009","FLAGSTAFF 4 SW, AZ US","2015-08",,"0","0","41","0","0.0","0.88","87","162","2.64","0.0","63.4","79.7","47.2"
"USC00023009","FLAGSTAFF 4 SW, AZ US","2015-09",,"0","0","31","0","0.0","0.65","82","359","1.00","0.0","58.5","76.0","40.9"
"USC00023009","FLAGSTAFF 4 SW, AZ US","2015-10",,"0","0","24","0","0.0","1.00","78","835","4.06","0.0","49.6","64.7","34.6"
"USC00023009","FLAGSTAFF 4 SW, AZ US","2015-11",,"6","2","3","6","6.5","1.11","68","1747","3.56","12.7","34.6","49.5","19.7"
"USC00023009","FLAGSTAFF 4 SW, AZ US","2015-12",,"2","1","-11","1","1.0","0.40","63","2896","0.77","1.6","27.9","43.7","12.2"
"USC00023009","FLAGSTAFF 4 SW, AZ US","2016-01","0","27","4","-16","19","17.0","0.95","58","4071","2.38","32.1","27.1","43.6","10.6"
"USC00023009","FLAGSTAFF 4 SW, AZ US","2016-02","0","11","1","-17","12","9.8","0.35","64","4946","1.23","9.8","34.8","54.4","15.3"
"USC00023009","FLAGSTAFF 4 SW, AZ US","2016-03","0","0","0","9","0","0.0","0.35","65","5747","0.44","0.0","39.2","57.8","20.5"
"USC00023009","FLAGSTAFF 4 SW, AZ US","2016-04","0","0","0","14","0","0.0","0.49","70","6403","1.35","0.0","42.4","59.0","25.7"
"USC00023009","FLAGSTAFF 4 SW, AZ US","2016-05","0","0","0","23","0","0.0","0.75","74","6911","2.18","0.0","46.9","63.6","30.2"
"USC00023009","FLAGSTAFF 4 SW, AZ US","2016-06","24","0","0","29","0","0.0","0.61","94","7048","1.46","0.0","61.2","82.4","40.1"
"USC00023009","FLAGSTAFF 4 SW, AZ US","2016-07","58","0","0","34","0","0.0","1.27","87","46","5.13","0.0","64.6","82.2","47.0"
"USC00023009","FLAGSTAFF 4 SW, AZ US","2016-08","59","0","0","38","0","0.0","0.79","83","193","4.00","0.0","60.3","74.8","45.8"
"USC00023009","FLAGSTAFF 4 SW, AZ US","2016-09","59","0","0","26","0","0.0","0.76","81","488","2.83","0.0","54.8","70.6","39.1"
"USC00023009","FLAGSTAFF 4 SW, AZ US","2016-10","59","0","0","22","0","0.0","0.45","73","1003","0.89","0.0","48.4","66.0","30.8"
"USC00023009","FLAGSTAFF 4 SW, AZ US","2016-11","59","4","3","-2","7","6.0","1.65","72","1800","2.76","9.2","38.4","54.8","22.0"
"USC00023009","FLAGSTAFF 4 SW, AZ US","2016-12","59","6","1","-7","10","10.0","1.62","55","2833","5.20","10.0","31.7","45.2","18.2"
"USC00023009","FLAGSTAFF 4 SW, AZ US","2017-01","0",,,"-14",,,,"53","3948",,,"27.8","38.5","17.2"
"USC00023009","FLAGSTAFF 4 SW, AZ US","2017-02","0","11","0","4","14","0.0","0.00","65","4764","0.96","0.0","35.9","48.1","23.6"
"USC00023009","FLAGSTAFF 4 SW, AZ US","2017-03","0","6","2","-4","15","13.5","1.34","70","5529","1.92","17.5","40.3","57.9","22.7"
"USC00023009","FLAGSTAFF 4 SW, AZ US","2017-04","0","0","0","15","0","0.0","0.12","68","6172","0.20","0.0","43.6","61.5","25.6"
"USC00023009","FLAGSTAFF 4 SW, AZ US","2017-05","0","0","0","21","0","0.0","0.20","77","6673","0.77","0.0","48.8","67.2","30.5"
"USC00023009","FLAGSTAFF 4 SW, AZ US","2017-06","28","0","0","23","0","0.0","0.00","92","6813","0.00","0.0","61.3","83.0","39.5"
"USC00023009","FLAGSTAFF 4 SW, AZ US","2017-07","60","0","0","40","0","0.0","1.73","91","24","7.89","0.0","65.2","80.3","50.2"
"USC00023009","FLAGSTAFF 4 SW, AZ US","2017-08","66","0","0","35","0","0.0","1.08","84","120","4.28","0.0","62.1","77.6","46.6"
"USC00023009","FLAGSTAFF 4 SW, AZ US","2017-09","71","0","0","18","0","0.0","0.40","87","445","0.83","0.0","54.3","71.9","36.8"
"USC00023009","FLAGSTAFF 4 SW, AZ US","2017-10","71","0","0","13","0","0.0","0.00","76","979","0.00","0.0","47.8","69.2","26.3"
"USC00023009","FLAGSTAFF 4 SW, AZ US","2017-11","71","0","0","4","0","0.0","0.04","72","1619","0.05","0.0","42.9","61.0","24.8"
"USC00023009","FLAGSTAFF 4 SW, AZ US","2017-12","71","0","0","-4","0","0.0","0.00","64","2595","0.00","0.0","33.5","53.5","13.5"
"USC00023009","FLAGSTAFF 4 SW, AZ US","2018-01","0","9","2","-9","4","4.5","1.50","61","3555","2.01","8.3","33.0","50.7","15.3"
"USC00023009","FLAGSTAFF 4 SW, AZ US","2018-02","0","4","2","-10","4","4.2","0.70","63","4483","1.86","5.9","31.9","47.9","15.9"
"USC00023009","FLAGSTAFF 4 SW, AZ US","2018-03","0","1","1","9","2","1.8","0.41","68","5366","1.10","1.8","36.5","52.3","20.7"
"USC00023009","FLAGSTAFF 4 SW, AZ US","2018-04","0","0","0","16","0","0.0","0.15","74","5935","0.15","0.0","46.0","65.0","27.0"
"USC00023009","FLAGSTAFF 4 SW, AZ US","2018-05","0","0","0","21","0","0.0","0.60","80","6407","0.63","0.0","49.8","70.1","29.5"
"USC00023009","FLAGSTAFF 4 SW, AZ US","2018-06","2","0","0","30","0","0.0","0.48","89","6548","0.60","0.0","60.4","82.2","38.5"
"USC00020678","BELLEMONT WEATHER FORECAST OFFICE, AZ US","1999-11",,"0","0","-1","0","0.0","0.00","70",,"0.00","0.0","38.9","60.7","17.0"
"USC00020678","BELLEMONT WEATHER FORECAST OFFICE, AZ US","1999-12",,"0","0","0","0","0.7","0.03","55",,"0.03","1.0","27.4","44.4","10.5"
"USC00020678","BELLEMONT WEATHER FORECAST OFFICE, AZ US","2000-01","0","12","2","-6","5","4.0","0.31","60",,"1.04","8.6","30.4","46.5","14.2"
"USC00020678","BELLEMONT WEATHER FORECAST OFFICE, AZ US","2000-02","0","10","5","9","5","5.6","1.45","58",,"2.57","17.5","33.0","46.7","19.2"
"USC00020678","BELLEMONT WEATHER FORECAST OFFICE, AZ US","2000-03","0","16","8","3","14","11.2","0.87","63",,"3.56","43.0","33.9","48.0","19.8"
"USC00020678","BELLEMONT WEATHER FORECAST OFFICE, AZ US","2000-04","0","1","2","19","1","2.0","0.32","78",,"0.40","3.0","44.1","63.6","24.6"
"USC00020678","BELLEMONT WEATHER FORECAST OFFICE, AZ US","2000-05","0","0","0","24","0","0.0","0.06","85",,"0.06","0.0","52.3","73.2","31.4"
"USC00020678","BELLEMONT WEATHER FORECAST OFFICE, AZ US","2000-06","2","0","0","26","0","0.0","0.15","89",,"0.61","0.0","59.0","79.0","39.0"
"USC00020678","BELLEMONT WEATHER FORECAST OFFICE, AZ US","2000-07","23","0","0","30","0","0.0","0.21","90","80","0.54","0.0","63.1","82.8","43.3"
"USC00020678","BELLEMONT WEATHER FORECAST OFFICE, AZ US","2000-08","46","0","0","38","0","0.0","0.63","88","169","4.07","0.0","62.9","78.1","47.7"
"USC00020678","BELLEMONT WEATHER FORECAST OFFICE, AZ US","2000-09","46","0","0","24","0","0.0","0.10","87","424","0.16","0.0","56.5","75.7","37.3"
"USC00020678","BELLEMONT WEATHER FORECAST OFFICE, AZ US","2000-10","46","0","0","15","0","0.0","0.90","80","1084","4.52","0.0","43.7","58.6","28.8"
"USC00020678","BELLEMONT WEATHER FORECAST OFFICE, AZ US","2000-11","46","16","3","-9","8","5.5","0.31","57","2184","0.89","12.5","28.3","43.0","13.7"
"USC00020678","BELLEMONT WEATHER FORECAST OFFICE, AZ US","2000-12","46","2","2","6","2","1.6","0.07","56","3200","0.15","3.0","32.2","48.5","15.9"
"USC00020678","BELLEMONT WEATHER FORECAST OFFICE, AZ US","2001-01","0","22","6","-11","12","14.8","0.97","57","4467","1.94","30.5","24.2","39.5","8.8"
"USC00020678","BELLEMONT WEATHER FORECAST OFFICE, AZ US","2001-02","0","20","8","-9","9","9.8","0.62","61","5524","1.64","24.3","27.2","42.0","12.5"
"USC00020678","BELLEMONT WEATHER FORECAST OFFICE, AZ US","2001-03","0","6","4","9","7","6.1","0.51","65","6373","1.54","14.8","37.6","52.7","22.5"
"USC00020678","BELLEMONT WEATHER FORECAST OFFICE, AZ US","2001-04","0","7","5","17","8","5.3","0.51","74","7088","1.87","20.4","41.2","55.7","26.7"
"USC00020678","BELLEMONT WEATHER FORECAST OFFICE, AZ US","2001-05","0","0","0","16","0","0.0","0.42","83","7477","0.80","0.0","52.4","72.9","31.9"
"USC00020678","BELLEMONT WEATHER FORECAST OFFICE, AZ US","2001-06","2","0","0","24","0","0.0","0.12","89","7694","0.15","0.0","57.8","79.8","35.9"
"USC00020678","BELLEMONT WEATHER FORECAST OFFICE, AZ US","2001-07","11","0","0","35","0","0.0","1.23","86","90","5.83","0.0","62.4","78.0","46.8"
"USC00020678","BELLEMONT WEATHER FORECAST OFFICE, AZ US","2001-08","15","0","0","36","0","0.0","0.31","89","173","1.59","0.0","62.4","79.2","45.7"
"USC00020678","BELLEMONT WEATHER FORECAST OFFICE, AZ US","2001-09","15","0","0","28","0","0.0","0.11","82","420","0.21","0.0","56.8","78.1","35.4"
"USC00020678","BELLEMONT WEATHER FORECAST OFFICE, AZ US","2001-10","15","0","0","19","0","0.0","0.71","76","944","1.36","0.0","48.1","67.2","29.0"
"USC00020678","BELLEMONT WEATHER FORECAST OFFICE, AZ US","2001-11","15","2","2","0","3","3.0","0.22","64","1830","0.50","5.2","35.5","51.9","19.0"
"USC00020678","BELLEMONT WEATHER FORECAST OFFICE, AZ US","2001-12","15","28","7","-11","7","7.2","0.40","55","3096","1.38","21.9","24.2","40.9","7.4"
"USC00020678","BELLEMONT WEATHER FORECAST OFFICE, AZ US","2002-01","0","10","0","-12","5","0.8","0.02","64","4244","0.06","2.1","28.0","43.5","12.5"
"USC00020678","BELLEMONT WEATHER FORECAST OFFICE, AZ US","2002-02","0","1","1","1","1","1.1","0.07","66","5195","0.09","1.5","31.0","50.3","11.7"
"USC00020678","BELLEMONT WEATHER FORECAST OFFICE, AZ US","2002-03","0","2","2","-4","2","2.3","0.10","68","6176","0.29","5.0","33.3","51.3","15.3"
"USC00020678","BELLEMONT WEATHER FORECAST OFFICE, AZ US","2002-04","0","0","0","11","0","0.5","0.46","74","6755","0.50","0.5","44.3","62.3","26.3"
"USC00020678","BELLEMONT WEATHER FORECAST OFFICE, AZ US","2002-05","0","0","0","16","0","0.0","0.00","87","7280","0.00","0.0","48.1","70.3","25.8"
"USC00020678","BELLEMONT WEATHER FORECAST OFFICE, AZ US","2002-06","2","0","0","28","0","0.0","0.00","88","7468","0.00","0.0","58.8","82.5","35.1"
"USC00020678","BELLEMONT WEATHER FORECAST OFFICE, AZ US","2002-07","46","0","0","41","0","0.0","0.92","91","18","2.41","0.0","65.8","83.4","48.2"
"USC00020678","BELLEMONT WEATHER FORECAST OFFICE, AZ US","2002-08","60","0","0","30","0","0.0","0.43","90","122","1.17","0.0","62.1","81.4","42.8"
"USC00020678","BELLEMONT WEATHER FORECAST OFFICE, AZ US","2002-09","60","0","0","28","0","0.0","0.98","84","398","3.41","0.0","55.8","72.5","39.1"
"USC00020678","BELLEMONT WEATHER FORECAST OFFICE, AZ US","2002-10","60","0","1","21","0","1.0","0.55","72","1053","1.74","1.0","43.8","59.5","28.2"
"USC00020678","BELLEMONT WEATHER FORECAST OFFICE, AZ US","2002-11","60","2","1","15","4","5.2","0.78","64","1896","1.73","5.2","36.9","52.3","21.6"
"USC00020678","BELLEMONT WEATHER FORECAST OFFICE, AZ US","2002-12","60","15","5","-8","5","3.7","0.18","52","3073","0.66","10.6","27.0","41.5","12.6"
"USC00020678","BELLEMONT WEATHER FORECAST OFFICE, AZ US","2003-01","0","3","1","9","3","1.8","0.15","61","3964","0.51","2.3","36.2","52.1","20.4"
"USC00020678","BELLEMONT WEATHER FORECAST OFFICE, AZ US","2003-02","0","5","5","0","6","5.1","1.10","59","4905","2.87","15.8","31.4","44.1","18.8"
"USC00020678","BELLEMONT WEATHER FORECAST OFFICE, AZ US","2003-03","0","12","3","1","8","3.6","0.74","64","5826","1.60","10.5","35.3","49.9","20.7"
"USC00020678","BELLEMONT WEATHER FORECAST OFFICE, AZ US","2003-04","0","2","2","6","2","3.5","0.45","65","6654","0.85","5.9","37.4","54.6","20.2"
"USC00020678","BELLEMONT WEATHER FORECAST OFFICE, AZ US","2003-05","0","0","0","12","0","0.0","0.08","87","7093","0.12","0.0","50.8","70.1","31.5"
"USC00020678","BELLEMONT WEATHER FORECAST OFFICE, AZ US","2003-06","0","0","0","26","0","0.0","0.05","87","7345","0.08","0.0","56.6","79.1","34.1"
"USC00020678","BELLEMONT WEATHER FORECAST OFFICE, AZ US","2003-07","81","0","0","37","0","0.0","0.30","95","20","1.32","0.0","66.9","85.8","48.1"
"USC00020678","BELLEMONT WEATHER FORECAST OFFICE, AZ US","2003-08","100","0","0","40","0","0.0","0.55","88","79","2.61","0.0","63.7","79.0","48.4"
"USC00020678","BELLEMONT WEATHER FORECAST OFFICE, AZ US","2003-09","101","0","0","30","0","0.0","1.26","83","315","1.56","0.0","57.2","76.0","38.4"
"USC00020678","BELLEMONT WEATHER FORECAST OFFICE, AZ US","2003-10","101","0","0","24","0","0.0","0.00","79","765","0.00","0.0","50.5","69.9","31.1"
"USC00020678","BELLEMONT WEATHER FORECAST OFFICE, AZ US","2003-11","101","0","0","4","0","0.8","1.69","61","1703","2.21","1.1","33.8","47.9","19.6"
"USC00020678","BELLEMONT WEATHER FORECAST OFFICE, AZ US","2003-12","101","7","3","-4","2","1.9","0.90","62","2843","1.19","5.7","28.2","43.5","12.9"
"USC00020678","BELLEMONT WEATHER FORECAST OFFICE, AZ US","2004-01","0","7","4","-7","2","3.0","0.48","51","4004","0.90","9.1","27.6","41.1","14.0"
"USC00020678","BELLEMONT WEATHER FORECAST OFFICE, AZ US","2004-02","0","20","7","-9","6","4.3","0.67","58","5135","2.08","20.8","26.0","38.9","13.1"
"USC00020678","BELLEMONT WEATHER FORECAST OFFICE, AZ US","2004-03","0","6","3","-1","8","7.1","0.25","71","5887","0.66","11.4","40.7","59.1","22.4"
"USC00020678","BELLEMONT WEATHER FORECAST OFFICE, AZ US","2004-04","0","1","1","17","1","2.2","0.59","71","6610","1.85","2.6","40.9","56.1","25.7"
"USC00020678","BELLEMONT WEATHER FORECAST OFFICE, AZ US","2004-05","0","0","0","21","0","0.0","0.00","80","7092","0.00","0.0","49.4","70.2","28.7"
"USC00020678","BELLEMONT WEATHER FORECAST OFFICE, AZ US","2004-06","0","0","0","23","0","0.0","0.00","85","7348","0.00","0.0","56.5","78.3","34.7"
"USC00020678","BELLEMONT WEATHER FORECAST OFFICE, AZ US","2004-07","13","0","0","28","0","0.0","0.48","89","111","1.48","0.0","61.8","81.2","42.4"
"USC00020678","BELLEMONT WEATHER FORECAST OFFICE, AZ US","2004-08","15","0","0","35","0","0.0","0.87","86","257","4.26","0.0","60.3","76.5","44.1"
"USC00020678","BELLEMONT WEATHER FORECAST OFFICE, AZ US","2004-09","15","0","0","23","0","0.0","0.85","82","608","1.47","0.0","53.3","71.7","34.9"
"USC00020678","BELLEMONT WEATHER FORECAST OFFICE, AZ US","2004-10","15","6","3","10","10","11.5","1.70","72","1301","3.65","20.5","42.7","57.3","28.1"
"USC00020678","BELLEMONT WEATHER FORECAST OFFICE, AZ US","2004-11","15","14","3","-2","4","4.5","1.08","62","2258","2.98","8.3","33.1","45.6","20.6"
"USC00020678","BELLEMONT WEATHER FORECAST OFFICE, AZ US","2004-12","15","13","4","2","5","4.1","2.30","62","3340","3.11","9.5","30.1","43.6","16.6"
"USC00020678","BELLEMONT WEATHER FORECAST OFFICE, AZ US","2005-01","0","26","9","-9","20","11.7","1.26","55","4384","5.89","43.2","31.3","42.0","20.7"
"USC00020678","BELLEMONT WEATHER FORECAST OFFICE, AZ US","2005-02","0","17","8","4","5","6.2","0.73","51","5304","4.50","22.6","32.1","41.5","22.8"
"USC00020678","BELLEMONT WEATHER FORECAST OFFICE, AZ US","2005-03","0","11","6","7","6","6.5","0.58","64","6226","2.19","21.3","35.3","47.8","22.7"
"USC00020678","BELLEMONT WEATHER FORECAST OFFICE, AZ US","2005-04","0","2","4","13","2","1.3","0.69","67","6960","2.11","4.9","40.5","57.2","23.9"
"USC00020678","BELLEMONT WEATHER FORECAST OFFICE, AZ US","2005-05","0","0","0","17","0","0.0","0.15","84","7414","0.29","0.0","50.3","69.0","31.6"
"USC00020678","BELLEMONT WEATHER FORECAST OFFICE, AZ US","2005-06","5","0","0","24","0","0.0","0.27","87","7719","0.49","0.0","55.0","75.3","34.7"
"USC00020678","BELLEMONT WEATHER FORECAST OFFICE, AZ US","2005-07","54","0","0","29","0","0.0","0.57","94","76","1.40","0.0","64.1","84.5","43.8"
"USC00020678","BELLEMONT WEATHER FORECAST OFFICE, AZ US","2005-08","55","0","0","37","0","0.0","1.22","84","196","4.28","0.0","61.2","75.8","46.5"
"USC00020678","BELLEMONT WEATHER FORECAST OFFICE, AZ US","2005-09","55","0","0","23","0","0.0","0.14","78","512","0.36","0.0","54.4","73.0","35.9"
"USC00020678","BELLEMONT WEATHER FORECAST OFFICE, AZ US","2005-10","55","0","0","20","0","0.0","1.44","72","1122","2.06","0.0","45.3","62.2","28.5"
"USC00020678","BELLEMONT WEATHER FORECAST OFFICE, AZ US","2005-11","55","0","0","2","0","0.8","0.24","66","1971","0.24","0.9","36.7","54.7","18.7"
"USC00020678","BELLEMONT WEATHER FORECAST OFFICE, AZ US","2005-12","55","0","0","-5","0","0.0","0.01","61","3065","0.01","0.0","29.7","48.3","11.1"
"USC00020678","BELLEMONT WEATHER FORECAST OFFICE, AZ US","2006-01","0","4","1","-5","2","1.8","0.21","57","4233","0.26","2.5","27.3","45.9","8.8"
"USC00020678","BELLEMONT WEATHER FORECAST OFFICE, AZ US","2006-02","0","0","0","1","0","0.0","0.13","59","5192","0.13","0.0","30.7","50.3","11.1"
"USC00020678","BELLEMONT WEATHER FORECAST OFFICE, AZ US","2006-03","0","15","7","-1","12","10.3","0.61","58","6274","3.26","34.5","30.1","44.1","16.1"
"USC00020678","BELLEMONT WEATHER FORECAST OFFICE, AZ US","2006-04","0","1","1","15","1","1.3","0.54","69","6963","1.08","2.0","42.0","59.7","24.3"
"USC00020678","BELLEMONT WEATHER FORECAST OFFICE, AZ US","2006-05","0","0","0","21","0","0.0","0.01","81","7390","0.02","0.0","51.2","71.8","30.6"
"USC00020678","BELLEMONT WEATHER FORECAST OFFICE, AZ US","2006-06","0","0","0","27","0","0.0","0.76","88","7539","1.21","0.0","60.1","81.4","38.7"
"USC00020678","BELLEMONT WEATHER FORECAST OFFICE, AZ US","2006-07","45","0","0","42","0","0.0","0.66","89","47","3.88","0.0","64.9","79.8","50.0"
"USC00020678","BELLEMONT WEATHER FORECAST OFFICE, AZ US","2006-08","45","0","0","35","0","0.0","1.40","82","185","4.23","0.0","60.5","75.5","45.6"
"USC00020678","BELLEMONT WEATHER FORECAST OFFICE, AZ US","2006-09","45","0","0","23","0","0.0","1.30","79","585","2.29","0.0","51.7","68.9","34.4"
"USC00020678","BELLEMONT WEATHER FORECAST OFFICE, AZ US","2006-10","45","0","0","15","0","0.0","1.15","72","1273","2.66","0.0","42.8","59.3","26.3"
"USC00020678","BELLEMONT WEATHER FORECAST OFFICE, AZ US","2006-11","45","2","0","-4","1","0.5","0.09","70","2153","0.15","0.8","35.7","54.2","17.1"
"USC00020678","BELLEMONT WEATHER FORECAST OFFICE, AZ US","2006-12","45","14","4","0","4","4.5","0.23","58","3314","0.82","12.1","27.6","44.6","10.5"
"USC00020678","BELLEMONT WEATHER FORECAST OFFICE, AZ US","2007-01","0","20","6","-21","7","3.7","0.58","57","4613","1.41","15.1","23.1","39.0","7.2"
"USC00020678","BELLEMONT WEATHER FORECAST OFFICE, AZ US","2007-02","0","10","5","-13","4","3.4","0.25","56","5591","1.07","11.0","30.1","44.8","15.3"
"USC00020678","BELLEMONT WEATHER FORECAST OFFICE, AZ US","2007-03","0","1","0","-2","1","0.7","0.28","73","6431","0.37","0.9","37.9","55.5","20.2"
"USC00020678","BELLEMONT WEATHER FORECAST OFFICE, AZ US","2007-04","0","2","2","10","2","1.5","0.25","76","7134","0.39","2.7","41.6","60.2","23.0"
"USC00020678","BELLEMONT WEATHER FORECAST OFFICE, AZ US","2007-05","0","1","1","17","1","1.0","0.16","79","7603","0.21","1.0","49.8","69.8","29.9"
"USC00020678","BELLEMONT WEATHER FORECAST OFFICE, AZ US","2007-06","0","0","0","23","0","0.0","0.00","88","7824","0.00","0.0","57.6","80.1","35.2"
"USC00020678","BELLEMONT WEATHER FORECAST OFFICE, AZ US","2007-07","34","0","0","36","0","0.0","1.77","96","35","5.21","0.0","65.0","82.2","47.7"
"USC00020678","BELLEMONT WEATHER FORECAST OFFICE, AZ US","2007-08","43","0","0","41","0","0.0","0.74","85","94","1.94","0.0","63.4","78.9","47.9"
"USC00020678","BELLEMONT WEATHER FORECAST OFFICE, AZ US","2007-09","43","0","0","25","0","0.0","0.84","80","400","2.74","0.0","54.8","71.9","37.7"
"USC00020678","BELLEMONT WEATHER FORECAST OFFICE, AZ US","2007-10","43","0","0","19","0","0.0","0.38","72","1032","0.60","0.0","44.6","62.9","26.3"
"USC00020678","BELLEMONT WEATHER FORECAST OFFICE, AZ US","2007-11","43","0","0","5","0","0.0","1.48","68","1839","1.48","0.0","38.1","58.0","18.2"
"USC00020678","BELLEMONT WEATHER FORECAST OFFICE, AZ US","2007-12","43","24","4","-8","9","8.8","1.67","65","3096","3.97","16.0","24.4","39.6","9.3"
"USC00020678","BELLEMONT WEATHER FORECAST OFFICE, AZ US","2008-01","0","30","7","-18","14","9.3","1.08","47","4472","4.27","27.1","20.6","36.6","4.6"
"USC00020678","BELLEMONT WEATHER FORECAST OFFICE, AZ US","2008-02","0","29","7","-13","18","8.0","0.76","62","5559","3.17","35.8","27.5","42.9","12.1"
"USC00020678","BELLEMONT WEATHER FORECAST OFFICE, AZ US","2008-03","0","10","1","5","8","3.8","0.19","63","6510","0.19","3.8","34.3","50.6","18.1"
"USC00020678","BELLEMONT WEATHER FORECAST OFFICE, AZ US","2008-04","0","0","0","10","0","0.0","0.00","70","7256","0.00","0.0","40.1","59.4","20.8"
"USC00020678","BELLEMONT WEATHER FORECAST OFFICE, AZ US","2008-05","0","1","2","14","2","5.0","0.52","83","7875","0.96","9.2","45.0","63.1","27.0"
"USC00020678","BELLEMONT WEATHER FORECAST OFFICE, AZ US","2008-06","0","0","0","26","0","0.0","0.14","88","8119","0.22","0.0","56.9","79.3","34.4"
"USC00020678","BELLEMONT WEATHER FORECAST OFFICE, AZ US","2008-07","4","0","0","40","0","0.0","1.31","87","55","2.80","0.0","63.3","79.0","47.6"
"USC00020678","BELLEMONT WEATHER FORECAST OFFICE, AZ US","2008-08","13","0","0","38","0","0.0","0.59","87","141","2.91","0.0","62.5","78.1","46.9"
"USC00020678","BELLEMONT WEATHER FORECAST OFFICE, AZ US","2008-09","13","0","0","30","0","0.0","0.36","81","445","0.86","0.0","54.9","73.5","36.2"
"USC00020678","BELLEMONT WEATHER FORECAST OFFICE, AZ US","2008-10","13","0","0","10","0","0.0","0.23","76","1071","0.25","0.0","44.8","65.4","24.2"
"USC00020678","BELLEMONT WEATHER FORECAST OFFICE, AZ US","2008-11","13","3","1","8","4","4.5","0.64","69","1871","1.39","5.9","38.3","55.2","21.5"
"USC00020678","BELLEMONT WEATHER FORECAST OFFICE, AZ US","2008-12","13","18","9","-9","22","7.1","0.84","64","3047","4.14","37.7","27.0","42.4","11.7"
"USC00020678","BELLEMONT WEATHER FORECAST OFFICE, AZ US","2009-01","0","31","3","2","19","4.2","0.25","60","4142","0.80","7.4","29.7","44.9","14.4"
"USC00020678","BELLEMONT WEATHER FORECAST OFFICE, AZ US","2009-02","0","23","6","-13","17","12.3","0.75","57","5170","1.95","28.7","28.3","44.7","11.9"
"USC00020678","BELLEMONT WEATHER FORECAST OFFICE, AZ US","2009-03","0","0","0","9","0","0.0","0.04","67","6073","0.06","0.0","35.9","53.0","18.7"
"USC00020678","BELLEMONT WEATHER FORECAST OFFICE, AZ US","2009-04","0","4","3","11","2","3.0","0.23","74","6851","0.68","7.7","39.0","56.9","21.2"
"USC00020678","BELLEMONT WEATHER FORECAST OFFICE, AZ US","2009-05","0","0","0","26","0","0.0","0.76","81","7252","1.82","0.0","52.1","71.2","33.0"
"USC00020678","BELLEMONT WEATHER FORECAST OFFICE, AZ US","2009-06","0","0","0","25","0","0.0","0.26","85","7577","0.46","0.0","54.2","71.5","36.8"
"USC00020678","BELLEMONT WEATHER FORECAST OFFICE, AZ US","2009-07","27","0","0","36","0","0.0","0.94","91","59","1.64","0.0","64.0","82.2","45.7"
"USC00020678","BELLEMONT WEATHER FORECAST OFFICE, AZ US","2009-08","36","0","0","26","0","0.0","0.19","88","205","0.54","0.0","60.5","81.0","40.1"
"USC00020678","BELLEMONT WEATHER FORECAST OFFICE, AZ US","2009-09","36","0","0","28","0","0.0","0.36","82","494","0.91","0.0","55.4","73.5","37.2"
"USC00020678","BELLEMONT WEATHER FORECAST OFFICE, AZ US","2009-10","36","0","0","9","0","0.6","0.05","75","1232","0.11","0.8","41.2","59.9","22.4"
"USC00020678","BELLEMONT WEATHER FORECAST OFFICE, AZ US","2009-11","36","1","1","6","2","1.5","0.36","73","2104","0.49","1.7","35.9","55.3","16.5"
"USC00020678","BELLEMONT WEATHER FORECAST OFFICE, AZ US","2009-12","36","25","6","-18","19","16.9","1.27","57","3476","2.96","33.3","20.7","37.3","4.1"
"USC00020678","BELLEMONT WEATHER FORECAST OFFICE, AZ US","2010-01","0","31","7","-7","36","22.3","2.84","54","4704","5.19","55.0","25.4","41.3","9.5"
"USC00020678","BELLEMONT WEATHER FORECAST OFFICE, AZ US","2010-02","0","28","8","-4","31","6.4","0.51","50","5760","1.97","24.6","27.3","40.2","14.3"
"USC00020678","BELLEMONT WEATHER FORECAST OFFICE, AZ US","2010-03","0","22","3","1","27","6.9","0.79","60","6781","1.65","17.0","32.1","46.9","17.3"
"USC00020678","BELLEMONT WEATHER FORECAST OFFICE, AZ US","2010-04","0","2","2","11","1","1.6","0.64","68","7573","0.98","4.3","38.6","54.9","22.2"
"USC00020678","BELLEMONT WEATHER FORECAST OFFICE, AZ US","2010-05","0","0","0","16","0","0.6","0.03","76","8200","0.04","0.6","44.8","63.9","25.6"
"USC00020678","BELLEMONT WEATHER FORECAST OFFICE, AZ US","2010-06","0","0","0","27","0","0.0","0.00","89","8474","0.00","0.0","55.8","77.3","34.4"
"USC00020678","BELLEMONT WEATHER FORECAST OFFICE, AZ US","2010-07","34","0","0","34","0","0.0","1.04","89","55","4.58","0.0","64.3","80.3","48.3"
"USC00020678","BELLEMONT WEATHER FORECAST OFFICE, AZ US","2010-08","37","0","0","36","0","0.0","1.07","85","158","1.86","0.0","61.8","76.3","47.3"
"USC00020678","BELLEMONT WEATHER FORECAST OFFICE, AZ US","2010-09","37","0","0","27","0","0.0","0.28","83","421","0.57","0.0","56.2","76.9","35.5"
"USC00020678","BELLEMONT WEATHER FORECAST OFFICE, AZ US","2010-10","37","0","0","18","0","0.0","1.45","80","998","4.19","0.0","46.4","61.3","31.4"
"USC00020678","BELLEMONT WEATHER FORECAST OFFICE, AZ US","2010-11","37","8","2","-5","3","2.0","0.65","70","1986","1.08","5.0","32.1","48.3","15.8"
"USC00020678","BELLEMONT WEATHER FORECAST OFFICE, AZ US","2010-12","37","13","6","-21","17","10.0","0.90","65","3002","3.74","34.0","32.2","44.9","19.6"
"USC00020678","BELLEMONT WEATHER FORECAST OFFICE, AZ US","2011-01","0","29","0","-30","16","0.9","0.04","58","4239","0.05","1.1","25.1","43.8","6.4"
"USC00020678","BELLEMONT WEATHER FORECAST OFFICE, AZ US","2011-02","0","10","3","-14","12","10.7","1.57","60","5355","2.26","20.9","25.2","39.8","10.5"
"USC00020678","BELLEMONT WEATHER FORECAST OFFICE, AZ US","2011-03","0","11","1","2","8","6.5","0.58","70","6218","0.83","8.3","37.1","52.7","21.6"
"USC00020678","BELLEMONT WEATHER FORECAST OFFICE, AZ US","2011-04","0","4","2","-6","9","12.7","0.15","74","6937","0.27","14.5","41.0","58.2","23.9"
"USC00020678","BELLEMONT WEATHER FORECAST OFFICE, AZ US","2011-05","0","1","1","14","2","3.3","0.69","77","7542","0.89","3.3","45.5","63.5","27.4"
"USC00020678","BELLEMONT WEATHER FORECAST OFFICE, AZ US","2011-06","0","0","0","22","0","0.0","0.00","89","7811","0.00","0.0","56.0","78.8","33.2"
"USC00020678","BELLEMONT WEATHER FORECAST OFFICE, AZ US","2011-07","33","0","0","31","0","0.0","0.35","90","57","2.14","0.0","64.2","81.1","47.3"
"USC00020678","BELLEMONT WEATHER FORECAST OFFICE, AZ US","2011-08","65","0","0","39","0","0.0","0.52","89","75","1.57","0.0","65.4","83.6","47.2"
"USC00020678","BELLEMONT WEATHER FORECAST OFFICE, AZ US","2011-09","66","0","0","33","0","0.0","0.91","85","295","3.96","0.0","57.7","75.1","40.4"
"USC00020678","BELLEMONT WEATHER FORECAST OFFICE, AZ US","2011-10","66","0","0","20","0","0.2","0.66","77","889","1.52","0.3","45.8","64.5","27.2"
"USC00020678","BELLEMONT WEATHER FORECAST OFFICE, AZ US","2011-11","66","8","2","5","5","6.3","0.50","65","1806","1.52","11.9","34.4","49.1","19.8"
"USC00020678","BELLEMONT WEATHER FORECAST OFFICE, AZ US","2011-12","66","30","7","-19","12","7.5","0.43","54","3101","1.81","31.1","23.2","39.5","6.9"
"USC00020678","BELLEMONT WEATHER FORECAST OFFICE, AZ US","2012-01","0","9","2","9","4","2.1","0.20","56","4150","0.47","4.8","31.2","46.8","15.5"
"USC00020678","BELLEMONT WEATHER FORECAST OFFICE, AZ US","2012-02","0","8","5","-3","3","4.6","0.33","55","5187","0.83","12.0","29.3","43.4","15.2"
"USC00020678","BELLEMONT WEATHER FORECAST OFFICE, AZ US","2012-03","0","6","2","2","18","23.4","1.43","66","6123","1.93","28.4","34.8","52.1","17.5"
"USC00020678","BELLEMONT WEATHER FORECAST OFFICE, AZ US","2012-04","0","1","2","13","7","7.5","0.52","79","6763","1.21","8.9","43.7","61.6","25.7"
"USC00020678","BELLEMONT WEATHER FORECAST OFFICE, AZ US","2012-05","0","0","0","17","0","0.0","0.00","85","7214","0.00","0.0","50.4","72.2","28.7"
"USC00020678","BELLEMONT WEATHER FORECAST OFFICE, AZ US","2012-06","0","0","0","27","0","0.0","0.10","90","7395","0.10","0.0","59.0","82.8","35.2"
"USC00020678","BELLEMONT WEATHER FORECAST OFFICE, AZ US","2012-07","28","0","0","41","0","0.0","1.02","88","30","3.87","0.0","64.9","79.9","49.9"
"USC00020678","BELLEMONT WEATHER FORECAST OFFICE, AZ US","2012-08","47","0","0","45","0","0.0","1.66","88","62","7.82","0.0","64.6","80.1","49.2"
"USC00020678","BELLEMONT WEATHER FORECAST OFFICE, AZ US","2012-09","47","0","0","30","0","0.0","0.51","79","314","1.02","0.0","56.6","73.5","39.7"
"USC00020678","BELLEMONT WEATHER FORECAST OFFICE, AZ US","2012-10","47","0","0","15","0","0.0","0.66","79","900","0.90","0.0","46.1","66.6","25.6"
"USC00020678","BELLEMONT WEATHER FORECAST OFFICE, AZ US","2012-11","47","0","0","4","0","0.5","0.50","70","1748","0.57","0.9","36.7","56.2","17.3"
"USC00020678","BELLEMONT WEATHER FORECAST OFFICE, AZ US","2012-12","47","19","9","-11","17","10.0","0.73","60","3009","2.10","32.2","24.3","40.8","7.8"
"USC00020678","BELLEMONT WEATHER FORECAST OFFICE, AZ US","2013-01","0","31","2","-24","13","7.9","1.45","55","4394","2.87","11.0","20.3","39.2","1.5"
"USC00020678","BELLEMONT WEATHER FORECAST OFFICE, AZ US","2013-02","0","20","4","-13","8","5.0","0.29","54","5526","0.76","14.2","24.6","40.4","8.7"
"USC00020678","BELLEMONT WEATHER FORECAST OFFICE, AZ US","2013-03","0","6","2","5","8","10.0","0.68","67","6378","0.87","12.0","37.5","55.1","19.9"
"USC00020678","BELLEMONT WEATHER FORECAST OFFICE, AZ US","2013-04","0","0","1","10","0","1.0","0.13","78","7072","0.18","1.3","41.9","61.0","22.7"
"USC00020678","BELLEMONT WEATHER FORECAST OFFICE, AZ US","2013-05","0","0","0","18","0","0.0","0.22","80","7593","0.27","0.0","48.2","68.8","27.6"
"USC00020678","BELLEMONT WEATHER FORECAST OFFICE, AZ US","2013-06","18","0","0","30","0","0.0","0.02","94","7737","0.02","0.0","60.8","84.2","37.4"
"USC00020678","BELLEMONT WEATHER FORECAST OFFICE, AZ US","2013-07","54","0","0","43","0","0.0","1.32","91","31","7.26","0.0","65.2","80.1","50.3"
"USC00020678","BELLEMONT WEATHER FORECAST OFFICE, AZ US","2013-08","56","0","0","37","0","0.0","1.19","84","128","5.41","0.0","61.9","76.2","47.7"
"USC00020678","BELLEMONT WEATHER FORECAST OFFICE, AZ US","2013-09","59","0","0","21","0","0.0","0.77","82","419","2.50","0.0","55.4","71.3","39.4"
"USC00020678","BELLEMONT WEATHER FORECAST OFFICE, AZ US","2013-10","59","0","1","12","0","2.0","0.25","71","1150","0.37","2.1","41.4","60.0","22.8"
"USC00020678","BELLEMONT WEATHER FORECAST OFFICE, AZ US","2013-11","59","1","2","7","1","2.6","0.82","65","2011","1.61","4.8","36.3","52.1","20.5"
"USC00020678","BELLEMONT WEATHER FORECAST OFFICE, AZ US","2013-12","59","28","5","-14","13","8.2","0.53","59","3264","1.98","22.2","24.6","42.0","7.2"
"USC00020678","BELLEMONT WEATHER FORECAST OFFICE, AZ US","2014-01","0","6","0","9","5","0.5","0.20","58","4262","0.20","0.5","32.8","50.1","15.5"
"USC00020678","BELLEMONT WEATHER FORECAST OFFICE, AZ US","2014-02","0","2","1","2","1","1.2","0.23","64","5137","0.49","3.1","33.8","49.9","17.6"
"USC00020678","BELLEMONT WEATHER FORECAST OFFICE, AZ US","2014-03","0","1","0","7","1","0.5","1.04","64","5994","1.20","1.1","37.3","54.8","19.9"
"USC00020678","BELLEMONT WEATHER FORECAST OFFICE, AZ US","2014-04","0","2","2","16","3","2.8","0.95","71","6705","1.25","5.4","41.3","59.5","23.1"
"USC00020678","BELLEMONT WEATHER FORECAST OFFICE, AZ US","2014-05","0","0","0","19","0","0.5","0.11","84","7221","0.22","0.5","48.3","67.8","28.9"
"USC00020678","BELLEMONT WEATHER FORECAST OFFICE, AZ US","2014-06","1","0","0","25","0","0.0","0.00","90","7435","0.00","0.0","57.9","81.4","34.5"
"USC00020678","BELLEMONT WEATHER FORECAST OFFICE, AZ US","2014-07","30","0","0","37","0","0.0","0.59","88","30","3.07","0.0","65.0","81.7","48.2"
"USC00020678","BELLEMONT WEATHER FORECAST OFFICE, AZ US","2014-08","32","0","0","36","0","0.0","1.55","86","183","6.98","0.0","60.2","74.7","45.5"
"USC00020678","BELLEMONT WEATHER FORECAST OFFICE, AZ US","2014-09","32","0","0","27","0","0.0","1.07","80","409","2.54","0.0","57.5","73.8","41.2"
"USC00020678","BELLEMONT WEATHER FORECAST OFFICE, AZ US","2014-10","32","0","0","21","0","0.0","0.25","76","919","0.26","0.0","48.5","68.0","29.1"
"USC00020678","BELLEMONT WEATHER FORECAST OFFICE, AZ US","2014-11","32","0","0","5","0","0.2","0.39","67","1786","0.42","0.2","36.1","53.7","18.5"
"USC00020678","BELLEMONT WEATHER FORECAST OFFICE, AZ US","2014-12","32","1","3","1","7","10.1","0.95","55","2823","2.59","13.6","31.5","43.5","19.6"
"USC00020678","BELLEMONT WEATHER FORECAST OFFICE, AZ US","2015-01","0","7","2","-8","6","4.2","0.41","59","3830","1.70","7.4","32.5","47.9","17.2"
"USC00020678","BELLEMONT WEATHER FORECAST OFFICE, AZ US","2015-02","0","6","2","9","7","10.2","1.37","65","4632","1.62","11.9","36.3","54.1","18.6"
"USC00020678","BELLEMONT WEATHER FORECAST OFFICE, AZ US","2015-03","0","9","2","-2","11","9.6","1.40","71","5452","2.67","16.2","38.6","56.8","20.4"
"USC00020678","BELLEMONT WEATHER FORECAST OFFICE, AZ US","2015-04","0","2","2","11","5","3.0","1.14","72","6193","1.47","6.5","40.3","58.7","21.9"
"USC00020678","BELLEMONT WEATHER FORECAST OFFICE, AZ US","2015-05","0","2","1","23","3","9.2","1.24","81","6788","2.33","10.4","45.8","60.8","30.8"
"USC00020678","BELLEMONT WEATHER FORECAST OFFICE, AZ US","2015-06","21","0","0","25","0","0.0","0.29","93","6932","0.80","0.0","60.9","81.2","40.6"
"USC00020678","BELLEMONT WEATHER FORECAST OFFICE, AZ US","2015-07","33","0","0","37","0","0.0","0.57","86","98","2.78","0.0","62.2","78.6","45.8"
"USC00020678","BELLEMONT WEATHER FORECAST OFFICE, AZ US","2015-08","43","0","0","41","0","0.0","0.75","86","143","3.49","0.0","63.9","80.4","47.3"
"USC00020678","BELLEMONT WEATHER FORECAST OFFICE, AZ US","2015-09","43","0","0","32","0","0.0","0.37","84","326","0.88","0.0","58.9","76.7","41.2"
"USC00020678","BELLEMONT WEATHER FORECAST OFFICE, AZ US","2015-10","43","0","0","22","0","0.0","1.17","79","817","3.97","0.0","49.2","64.0","34.3"
"USC00020678","BELLEMONT WEATHER FORECAST OFFICE, AZ US","2015-11","43","9","3","5","7","7.9","0.94","69","1787","2.38","13.7","32.7","48.1","17.3"
"USC00020678","BELLEMONT WEATHER FORECAST OFFICE, AZ US","2015-12","43","20","2","-14","5","4.6","0.38","62","2989","1.00","10.8","26.2","42.5","9.9"
"USC00020678","BELLEMONT WEATHER FORECAST OFFICE, AZ US","2016-01","0","31","6","-14","19","12.2","0.88","55","4230","2.47","30.3","25.0","40.9","9.1"
"USC00020678","BELLEMONT WEATHER FORECAST OFFICE, AZ US","2016-02","0","15","1","-21","11","7.7","0.44","67","5140","0.44","7.7","33.6","53.6","13.7"
"USC00020678","BELLEMONT WEATHER FORECAST OFFICE, AZ US","2016-03","0","0","0","10","0","0.8","0.14","66","5991","0.30","1.7","37.6","56.2","18.9"
"USC00020678","BELLEMONT WEATHER FORECAST OFFICE, AZ US","2016-04","0","1","1","14","5","4.6","0.27","70","6708","1.17","5.7","41.1","57.8","24.4"
"USC00020678","BELLEMONT WEATHER FORECAST OFFICE, AZ US","2016-05","0","0","0","22","0","0.9","0.28","78","7269","0.87","1.1","46.9","64.2","29.7"
"USC00020678","BELLEMONT WEATHER FORECAST OFFICE, AZ US","2016-06","27","0","0","28","0","0.0","0.55","96","7392","0.95","0.0","61.8","83.7","40.0"
"USC00020678","BELLEMONT WEATHER FORECAST OFFICE, AZ US","2016-07","54","0","0","32","0","0.0","0.56","89","49","3.35","0.0","64.3","82.8","45.7"
"USC00020678","BELLEMONT WEATHER FORECAST OFFICE, AZ US","2016-08","54","0","0","37","0","0.0","0.72","85","193","2.62","0.0","60.3","75.9","44.8"
"USC00020678","BELLEMONT WEATHER FORECAST OFFICE, AZ US","2016-09","54","0","0","25","0","0.0","1.15","83","510","1.94","0.0","53.9","71.0","36.9"
"USC00020678","BELLEMONT WEATHER FORECAST OFFICE, AZ US","2016-10","54","0","0","22","0","0.0","0.53","74","1052","0.82","0.0","47.5","66.4","28.7"
"USC00020678","BELLEMONT WEATHER FORECAST OFFICE, AZ US","2016-11","54","4","2","-7","4","4.4","0.74","73","1919","2.05","6.4","36.1","52.6","19.5"
"USC00020678","BELLEMONT WEATHER FORECAST OFFICE, AZ US","2016-12","54","14","2","-6","10","10.6","1.79","57","3020","4.52","13.3","29.5","43.4","15.5"
"USC00020678","BELLEMONT WEATHER FORECAST OFFICE, AZ US","2017-01","0","23","9","-12","18","11.3","0.95","56","4199","4.48","36.9","27.0","37.1","16.8"
"USC00020678","BELLEMONT WEATHER FORECAST OFFICE, AZ US","2017-02","0","13","2","1","12","9.7","0.87","62","5079","2.37","19.5","33.6","45.7","21.5"
"USC00020678","BELLEMONT WEATHER FORECAST OFFICE, AZ US","2017-03","0","10","3","-2","11","9.9","0.65","71","5880","1.47","14.3","39.1","56.6","21.7"
"USC00020678","BELLEMONT WEATHER FORECAST OFFICE, AZ US","2017-04","0","1","1","17","2","1.7","0.17","71","6540","0.17","1.7","43.0","61.1","25.0"
"USC00020678","BELLEMONT WEATHER FORECAST OFFICE, AZ US","2017-05","0","1","1","22","1","1.0","0.65","80","7046","0.91","2.0","48.7","66.8","30.5"
"USC00020678","BELLEMONT WEATHER FORECAST OFFICE, AZ US","2017-06","25","0","0","22","0","0.0","0.06","94","7212","0.06","0.0","60.3","83.7","36.9"
"USC00020678","BELLEMONT WEATHER FORECAST OFFICE, AZ US","2017-07","56","0","0","38","0","0.0","0.84","91","37","4.65","0.0","64.8","80.1","49.5"
"USC00020678","BELLEMONT WEATHER FORECAST OFFICE, AZ US","2017-08","62","0","0","34","0","0.0","0.78","85","158","2.88","0.0","61.3","77.1","45.5"
"USC00020678","BELLEMONT WEATHER FORECAST OFFICE, AZ US","2017-09","62","0","0","18","0","0.0","0.69","84","495","1.13","0.0","53.8","71.4","36.1"
"USC00020678","BELLEMONT WEATHER FORECAST OFFICE, AZ US","2017-10","62","0","0","16","0","0.0","0.00","76","1080","0.00","0.0","46.1","67.9","24.4"
"USC00020678","BELLEMONT WEATHER FORECAST OFFICE, AZ US","2017-11","62","0","0","5","0","0.0","0.02","72","1812","0.03","0.0","40.6","59.5","21.7"
"USC00020678","BELLEMONT WEATHER FORECAST OFFICE, AZ US","2017-12","62","0","0","4","0","0.0","0.00","63","2828","0.00","0.0","32.2","51.7","12.8"
"USC00020678","BELLEMONT WEATHER FORECAST OFFICE, AZ US","2018-01","0","14","4","-8","7","5.0","0.95","60","3853","1.45","12.2","31.9","49.2","14.6"
"USC00020678","BELLEMONT WEATHER FORECAST OFFICE, AZ US","2018-02","0","5","5","-5","4","7.3","0.45","62","4794","1.47","16.3","31.4","47.2","15.6"
"USC00020678","BELLEMONT WEATHER FORECAST OFFICE, AZ US","2018-03","0","3","2","9","1","3.0","0.33","67","5679","0.77","4.0","36.4","52.2","20.7"
"USC00020678","BELLEMONT WEATHER FORECAST OFFICE, AZ US","2018-04","0","0","0","14","0","0.0","0.05","74","6255","0.05","0.0","45.8","65.1","26.5"
"USC00020678","BELLEMONT WEATHER FORECAST OFFICE, AZ US","2018-05","0","0","0","20","0","0.7","0.40","81","6732","0.40","0.7","49.6","70.1","29.1"
"USC00020678","BELLEMONT WEATHER FORECAST OFFICE, AZ US","2018-06","0","0","0","29","0","0.0","0.66","90","6894","0.68","0.0","59.6","82.2","37.0"
